date,open,high,low,close,adj_close,volume,prev_day_diff,50_day_moving_avg,10_day_volatility
2014-11-03,186.0,191.100006,184.899994,190.009995,184.423233,5030750,0.0,184.423233,0.0
2014-11-05,190.600006,192.949997,188.75,190.529999,184.927948,4176350,0.504715,184.67559,0.252358
2014-11-07,191.179993,194.0,185.020004,192.490005,186.830322,9760820,1.902374,185.393834,1.436488
2014-11-10,194.0,198.550003,193.199997,197.009995,191.217422,6366965,4.3871,186.849731,4.367691
2014-11-11,197.009995,203.990005,194.679993,202.41000400000001,196.458649,8342375,5.241227,188.771515,7.687134
2014-11-12,202.399994,204.800003,200.800003,203.759995,197.768951,5821780,1.310302,190.271087,7.497864
2014-11-13,204.0,204.0,199.03999299999998,199.990005,194.109818,2989160,-3.659133,190.819478,3.29034
2014-11-14,200.0,203.619995,199.0,202.96000700000002,196.992477,5073565,2.882659,191.591102,5.401375
2014-11-17,202.0,212.0,200.71000700000002,211.5,205.28138700000002,5876165,8.28891,193.112245,12.169142
2014-11-18,211.419998,213.67999300000002,209.600006,211.19999700000002,204.990204,4868800,-0.291183,194.300041,10.690163
2014-11-19,210.80000299999998,211.580002,205.399994,208.009995,201.893982,2892565,-3.096222,194.990399,5.846866
2014-11-20,208.800003,208.800003,202.5,205.100006,199.06956499999998,3090635,-2.824417,195.33033,1.608287
2014-11-21,206.199997,210.82000699999998,204.399994,207.729996,201.622223,5088175,2.552658,195.814322,2.681755
2014-11-24,208.66000400000001,211.169998,206.880005,208.050003,201.932831,3816015,0.310608,196.251358,1.920822
2014-11-25,208.020004,208.550003,201.399994,202.309998,196.36158799999998,3561060,-5.571243,196.258707,3.640715
2014-11-26,201.899994,204.679993,200.279999,202.330002,196.380997,3070940,0.019409,196.26635,3.48251
2014-11-27,202.800003,205.740005,202.41000400000001,203.050003,197.079834,6046725,0.698837,196.314202,3.080675
2014-11-28,204.559998,219.88999900000002,204.110001,217.440002,211.04673799999998,13585040,13.966904,197.132676,9.480803
2014-12-01,218.19999700000002,220.940002,214.86999500000002,216.52999900000003,210.163483,6643650,-0.883255,197.818508,8.109339
2014-12-02,215.07000699999998,221.649994,212.63999900000002,216.91000400000001,210.532318,9117655,0.368835,198.454198,7.923962
2014-12-03,217.0,220.5,216.399994,217.830002,211.425262,5453150,0.892944,199.071868,7.863778
2014-12-04,218.039993,220.25,214.399994,217.039993,210.65847799999997,5082730,-0.766784,199.598532,5.938103
2014-12-05,217.99000499999997,223.94999700000002,216.419998,220.91000400000001,214.41470299999997,7229910,3.756225,200.242714,8.41508
2014-12-08,221.600006,224.99000499999997,215.5,217.0,210.619675,5775860,-3.795028,200.675087,3.751367
2014-12-09,216.61999500000002,219.30000299999998,208.679993,209.92999300000002,203.757523,4957285,-6.862152,200.798384,3.850378
2014-12-10,209.220001,215.19999700000002,209.0,214.440002,208.13493300000002,7271825,4.37741,201.080559,0.648362
2014-12-11,214.63999900000002,217.710007,209.449997,214.63999900000002,208.329056,5471540,0.194123,201.349022,1.579161
2014-12-12,215.399994,216.86999500000002,209.550003,211.92999300000002,205.69873,4341205,-2.630326,201.504369,3.674686
2014-12-15,211.0,216.210007,209.82000699999998,211.479996,205.26196299999998,4405695,-0.436767,201.633941,3.621301
2014-12-16,210.19999700000002,212.83999599999999,200.5,201.699997,195.76951599999998,4985480,-9.492447,201.43846,11.637468
2014-12-17,200.0,204.58999599999999,197.0,202.020004,196.080124,7882705,0.310608,201.265611,9.792346
2014-12-18,206.600006,212.61000099999998,205.080002,211.02999900000003,204.825195,5835325,8.745071,201.376848,0.463947
2014-12-19,213.399994,214.399994,206.899994,208.080002,201.961945,4570985,-2.86325,201.394578,2.081921
2014-12-22,208.639999,211.80000299999998,206.509995,211.080002,204.873734,3005515,2.911789,201.496906,1.404462
2014-12-23,213.399994,215.979996,210.600006,211.850006,205.62110900000002,5512180,0.747375,201.61474,1.965479
2014-12-24,211.69999700000002,213.600006,210.919998,211.940002,205.70845,4165820,0.087341,201.728455,2.295468
2014-12-26,213.0,214.72000099999997,210.92999300000002,213.63999900000002,207.358459,3819035,1.650009,201.880617,4.042537
2014-12-29,215.57000699999998,215.80000299999998,213.11999500000002,213.67999300000002,207.397278,2682715,0.038819,202.025792,3.911501
2014-12-30,213.41000400000001,217.059998,211.309998,216.47000099999997,210.10525499999997,2778775,2.707977,202.232958,6.135149
2014-12-31,217.0,218.0,215.07000699999998,216.77999900000003,210.40614300000001,2973115,0.300888,202.437288,4.972374
2015-01-01,216.020004,217.75999500000003,214.55000299999998,216.61000099999998,210.241135,1756690,-0.165008,202.627625,3.391265
2015-01-02,217.17999300000002,220.38000499999998,216.919998,219.25,212.80351299999998,4821335,2.562378,202.869908,5.155811
2015-01-05,219.039993,221.69999700000002,218.38999900000002,219.190002,212.74527,3086905,-0.058243,203.099568,4.019235
2015-01-06,217.80000299999998,218.0,211.0,211.899994,205.669601,3522250,-7.075669,203.157978,3.13602
2015-01-07,212.0,214.600006,208.990005,213.33999599999999,207.06729099999998,3479130,1.39769,203.244851,1.882948
2015-01-08,215.979996,216.789993,214.0,215.520004,209.18318200000002,3362435,2.115891,203.373946,0.114531
2015-01-09,216.88000499999998,217.399994,210.399994,212.08999599999999,205.854034,3476375,-3.329148,203.426713,3.293236
2015-01-12,212.0,218.25,211.0,216.0,209.649078,3543650,3.795044,203.556346,0.276628
2015-01-13,217.0,220.16000400000001,215.0,216.32000699999998,209.959671,3755550,0.310593,203.687026,0.601779
2015-01-14,216.020004,217.399994,213.600006,215.00999500000003,208.68817099999998,2665010,-1.2715,203.787049,0.497924
2015-01-15,224.399994,224.399994,218.36999500000002,219.63999900000002,213.182037,6556590,4.493866,204.362225,3.701852
2015-01-16,219.19999700000002,219.58999599999999,215.710007,216.169998,209.814072,2839640,-3.367965,204.859948,0.632831
2015-01-19,217.0,219.30000299999998,216.419998,216.97000099999997,210.590546,2577480,0.776474,205.335152,1.624778
2015-01-20,217.440002,219.77999900000003,216.80000299999998,217.36000099999998,210.96908599999998,4154670,0.37854,205.730185,1.473369
2015-01-21,217.69999700000002,227.74000499999997,217.69999700000002,225.580002,218.947388,13617875,7.978302,206.17996,8.263662
2015-01-22,228.399994,228.399994,221.100006,223.850006,217.26826499999999,4837641,-1.679123,206.569946,5.77603
2015-01-23,227.44999700000002,228.899994,219.69999700000002,223.100006,216.54031400000002,4098897,-0.727951,207.018556,3.979451
2015-01-27,224.899994,224.899994,219.5,222.94999700000002,216.39471400000002,2373640,-0.1456,207.406601,3.159288
2015-01-28,222.899994,227.850006,220.399994,223.55000299999998,216.977081,2889375,0.582367,207.640515,3.039914
2015-01-29,222.850006,224.94999700000002,216.149994,217.149994,210.765244,4185095,-6.211837,207.756016,3.379631
2015-01-30,220.69999700000002,220.69999700000002,185.600006,193.149994,187.470917,26571571,-23.294327,207.467554,24.102846
2015-02-02,192.0,192.050003,183.75,187.850006,182.326767,9608649,-5.14415,207.132698,26.498265
2015-02-03,190.0,191.899994,184.399994,185.050003,179.60908500000002,7684466,-2.717682,206.692436,26.117801
2015-02-04,186.800003,188.0,182.050003,184.899994,179.46348600000002,4629789,-0.145599,206.243049,23.11284
2015-02-05,185.800003,185.800003,175.300003,177.550003,172.32960500000002,6190147,-7.133881,205.762409,25.584943
2015-02-06,175.550003,177.699997,169.350006,175.949997,170.776627,9804062,-1.552978,205.250322,22.488757
2015-02-09,175.0,178.25,172.5,173.449997,168.350143,5120528,-2.426484,204.675728,20.096224
2015-02-10,171.199997,181.199997,171.0,176.399994,171.213409,6840733,2.863266,203.879061,12.714827
2015-02-11,177.899994,182.850006,177.199997,180.949997,175.629623,4844214,4.416214,203.188384,4.163868
2015-02-12,182.350006,182.350006,178.050003,180.800003,175.484039,3925259,-0.145584,202.487419,0.781331
2015-02-13,182.699997,185.300003,180.199997,182.949997,177.57081599999998,6503715,2.086777,201.81033,2.295456
2015-02-16,182.949997,184.600006,180.0,182.75,177.376709,3812278,-0.194107,201.144694,2.596355
2015-02-18,183.0,184.100006,180.0,183.199997,177.81346100000002,2911544,0.436752,200.412669,3.212669
2015-02-19,183.949997,184.399994,175.5,178.550003,173.300186,3680925,-4.513275,199.66628,0.684276
2015-02-20,179.0,186.899994,176.5,183.300003,177.910522,5045503,4.610336,199.14934,3.367969
2015-02-23,183.649994,186.050003,180.5,182.350006,176.98848,2602925,-0.922042,198.526411,1.824741
2015-02-24,181.949997,181.949997,175.550003,176.75,171.553116,5597490,-5.435364,197.790892,3.93092
2015-02-25,178.300003,179.899994,176.25,177.149994,171.94136,2460589,0.388244,197.115744,3.615471
2015-02-26,177.649994,178.100006,170.050003,171.350006,166.311905,6028053,-5.629455,196.336743,8.313154
2015-02-27,174.649994,182.0,173.25,181.0,175.678146,7519323,9.366241,195.934916,1.033676
2015-03-02,186.75,187.149994,179.300003,182.399994,177.036987,6392228,1.358841,195.554053,2.4459
2015-03-03,183.100006,189.0,181.649994,187.199997,181.695862,4600689,4.658875,195.091466,6.672859
2015-03-04,198.0,198.699997,179.100006,180.399994,175.095779,10089085,-6.600083,194.554143,0.344545
2015-03-05,181.0,184.949997,178.699997,184.050003,178.638474,4903762,3.542695,194.029438,3.353411
2015-03-09,181.899994,182.899994,178.199997,180.050003,174.756104,3673996,-3.88237,193.412138,0.213517
2015-03-10,180.050003,182.800003,176.0,179.850006,174.561981,4343844,-0.194123,192.789208,0.16499
2015-03-11,180.5,181.050003,175.550003,176.899994,171.6987,5397609,-2.863281,192.076013,3.04283
2015-03-12,178.5,181.75,177.699997,179.850006,174.561981,3287802,2.863281,191.419307,0.441611
2015-03-13,182.0,182.0,176.75,179.0,173.736969,3943207,-0.825012,190.691942,2.009129
2015-03-16,179.5,184.0,177.100006,182.649994,177.279648,2505846,3.542679,190.029412,1.373399
2015-03-17,183.5,184.0,178.600006,182.399994,177.036987,8351223,-0.242661,189.365329,1.130738
2015-03-18,182.5,185.25,181.149994,182.25,176.891403,5675528,-0.145584,188.647086,1.4656
2015-03-19,184.449997,184.5,174.699997,176.5,171.310471,3985822,-5.580932,187.81839,3.736801
2015-03-20,175.899994,175.899994,171.449997,172.649994,167.573654,4641618,-3.736817,187.056472,6.367136
2015-03-23,173.699997,173.850006,169.0,169.649994,164.66188,3823894,-2.911774,186.208363,8.269487
2015-03-24,168.800003,169.699997,165.149994,167.899994,162.963318,4820887,-1.698562,185.283966,8.808183
2015-03-25,168.0,168.800003,163.800003,165.850006,160.973602,3645828,-1.989716,184.386357,9.725389
2015-03-26,164.300003,167.399994,159.899994,161.0,156.266205,5071690,-4.707397,183.3187,12.603209
2015-03-27,163.0,163.100006,155.399994,160.949997,156.217682,5769981,-0.048523,182.24386,10.899803
2015-03-30,162.649994,164.699997,157.649994,163.850006,159.032425,3858765,2.814743,181.250745,6.260338
2015-03-31,164.800003,167.899994,162.199997,163.5,158.692703,3106448,-0.339722,180.160959,4.765631
2015-04-01,162.75,170.399994,162.050003,168.899994,163.933929,2949846,5.241226,179.243356,1.771342
2015-04-06,170.0,171.0,166.25,168.5,163.54568500000002,3290047,-0.388244,178.302458,2.159577
2015-04-07,169.5,172.100006,167.050003,170.050003,165.05011000000002,4180773,1.504425,177.384079,3.916356
2015-04-08,170.899994,172.0,167.100006,168.850006,163.88540600000002,3861270,-1.164704,176.282839,2.829299
2015-04-09,170.0,173.699997,166.899994,171.75,166.70013400000002,6614147,2.814728,175.271477,5.270346
2015-04-10,171.800003,175.25,170.899994,174.199997,169.078094,3006064,2.37796,174.322232,6.837857
2015-04-13,175.0,177.899994,174.100006,175.550003,170.388397,3611426,1.310303,173.402106,6.73594
2015-04-15,175.0,180.949997,174.600006,178.5,173.25166299999998,5417127,2.863266,172.527598,7.895808
2015-04-16,177.649994,178.449997,172.649994,177.149994,171.94136,3639137,-1.310303,171.75112,5.294612
2015-04-17,176.649994,178.5,173.300003,177.600006,172.378143,4959230,0.436783,171.449264,4.362851
2015-04-20,177.5,182.899994,177.100006,179.5,174.22226,4825832,1.844117,171.287174,5.178135
2015-04-21,177.050003,180.899994,174.550003,180.149994,174.853149,3869287,0.630889,171.192056,4.678277
2015-04-22,180.699997,181.5,177.100006,179.850006,174.561981,4312011,-0.291168,171.094025,3.435922
2015-04-23,181.0,181.850006,177.25,179.449997,174.17373700000002,2881464,-0.388244,171.130908,2.018845
2015-04-24,179.050003,179.800003,172.649994,174.149994,169.029556,3767395,-5.144181,171.095967,3.358278
2015-04-27,173.300003,173.899994,168.300003,170.850006,165.826599,3785253,-3.202957,171.045496,6.236086
2015-04-28,170.0,174.699997,168.550003,173.449997,168.350143,3662553,2.523544,170.98823,3.508716
2015-04-29,173.199997,174.800003,170.800003,171.850006,166.797195,2612681,-1.552948,170.811582,4.416217
2015-04-30,171.0,171.449997,167.399994,169.0,164.030991,7842228,-2.766204,170.582521,6.391384
2015-05-04,170.0,171.800003,169.0,170.699997,165.681,3008312,1.650009,170.344725,4.071661
2015-05-05,170.600006,172.649994,169.100006,170.0,165.001572,2534193,-0.679428,170.097222,3.82902
2015-05-06,169.399994,169.800003,160.600006,162.149994,157.382385,5258349,-7.619187,169.6886,9.701131
2015-05-07,161.399994,161.5,151.149994,153.449997,148.938202,4557160,-8.444183,169.201361,15.582936
2015-05-08,155.050003,156.199997,142.699997,145.100006,140.83371,10251402,-8.104492,168.459824,20.353425
2015-05-11,146.100006,171.0,143.800003,169.699997,164.710403,41425174,23.876693,168.214263,3.955183
2015-05-12,166.699997,166.699997,157.0,158.399994,153.74264499999998,14873892,-10.967758,167.858054,5.80418
2015-05-13,158.699997,164.199997,156.149994,162.449997,157.673569,10010370,3.930924,167.572698,0.805598
2015-05-14,161.899994,165.350006,158.5,164.550003,159.711823,5794416,2.038254,167.440696,1.941193
2015-05-15,164.600006,166.850006,159.5,160.149994,155.441193,5242230,-4.27063,167.035957,1.470457
2015-05-18,161.199997,163.0,158.350006,162.0,157.236801,4664516,1.795608,166.639953,1.169571
2015-05-19,162.399994,163.5,159.5,160.649994,155.926498,5172399,-1.310303,166.124566,0.766775
2015-05-20,161.350006,162.649994,159.100006,159.75,155.052948,6020396,-0.87355,165.723709,0.126169
2015-05-21,160.0,160.949997,154.399994,156.550003,151.947052,9769684,-3.105896,165.189881,3.280612
2015-05-22,157.199997,161.699997,154.100006,155.399994,150.830856,10826845,-1.116196,164.711376,5.396523
2015-05-25,154.699997,160.350006,153.699997,157.800003,153.160294,7072782,2.329438,164.283342,1.912074
2015-05-26,157.800003,159.949997,156.649994,159.449997,154.761765,4424001,1.601471,163.944604,0.412515
2015-05-27,158.0,162.449997,157.5,161.149994,156.411789,5157528,1.650024,163.5816,1.363687
2015-05-28,162.0,162.800003,159.300003,160.100006,155.39266999999998,6754062,-1.019119,163.214714,0.776483
2015-05-29,161.050003,163.399994,160.199997,162.600006,157.819168,3062331,2.426498,162.825504,2.965184
2015-06-01,162.949997,165.5,162.800003,165.199997,160.342712,2676738,2.523544,162.491619,5.178137
2015-06-02,165.0,165.399994,158.100006,160.399994,155.68383799999998,6924607,-4.658874,162.067467,0.543529
2015-06-03,160.399994,162.100006,157.600006,161.25,156.508865,4401831,0.825027,161.771435,1.222964
2015-06-04,161.5,164.149994,158.850006,161.699997,156.94563300000002,4143649,0.436768,161.558875,1.159874
2015-06-05,160.75,164.0,158.350006,160.25,155.538254,3279486,-1.407379,161.376402,0.718245
2015-06-08,160.600006,160.600006,153.25,155.800003,151.219101,3945209,-4.319153,161.141518,4.843279
2015-06-09,154.149994,157.5,151.699997,153.149994,148.647018,3763411,-2.572083,160.894986,6.803887
2015-06-10,153.850006,156.199997,151.75,152.949997,148.452896,2524002,-0.194122,160.73872,6.20212
2015-06-11,155.0,155.5,147.199997,148.5,144.13374299999998,5764683,-4.319153,160.497041,9.39538
2015-06-12,148.0,148.899994,145.0,146.949997,142.629303,5128967,-1.50444,160.168979,9.380833
2015-06-15,146.0,146.300003,142.5,143.0,138.795456,4038893,-3.833847,159.771034,11.059955
2015-06-16,140.25,142.699997,139.300003,142.0,140.979645,3402715,2.184189,159.311948,7.405346
2015-06-17,143.5,143.850006,139.649994,140.649994,139.639328,4270636,-1.340317,158.833821,7.05871
2015-06-18,141.0,142.300003,138.0,138.649994,137.653702,6503800,-1.985626,158.285893,7.115143
2015-06-19,140.0,142.649994,138.600006,142.100006,141.078934,7842982,3.425232,157.829763,2.243979
2015-06-22,142.949997,148.350006,142.850006,146.399994,145.348022,8289651,4.269088,157.402721,2.612217
2015-06-23,148.100006,152.5,147.5,150.300003,149.220001,7716684,3.871979,157.005559,6.426898
2015-06-24,150.5,151.0,145.050003,145.899994,144.851608,5367111,-4.368393,156.494824,2.418634
2015-06-25,145.050003,146.550003,142.899994,145.0,143.958084,9470741,-0.893524,155.908952,1.542676
2015-06-26,145.0,146.149994,142.0,144.550003,143.511322,3873668,-0.446762,155.340351,1.007712
2015-06-29,140.149994,144.899994,137.149994,144.100006,143.06456,7374943,-0.446762,154.75408,0.134039
2015-06-30,143.149994,145.75,143.149994,144.149994,143.114182,4426223,0.049622,154.131918,0.029792
2015-07-01,144.649994,151.699997,144.050003,150.300003,149.220001,7157760,6.105819,153.619255,5.117959
2015-07-02,151.0,152.300003,149.0,150.0,148.92215,3767294,-0.297851,153.106458,3.693264
2015-07-03,150.0,151.550003,149.100006,150.800003,149.71641499999998,2752843,0.794265,152.617312,3.62378
2015-07-06,148.0,153.899994,147.0,153.149994,152.04951499999999,3643339,2.3331,152.277711,5.286731
2015-07-07,153.149994,156.75,152.199997,153.649994,152.54591399999998,3734468,0.496399,152.012097,5.450539
2015-07-08,151.899994,153.5,148.600006,151.350006,150.262466,3619661,-2.283448,151.650344,2.626005
2015-07-09,152.050003,155.0,151.050003,152.949997,151.850952,3722985,1.588486,151.351419,3.425204
2015-07-10,154.75,156.899994,153.899994,156.449997,155.325806,4029043,3.474854,151.177315,5.71861
2015-07-13,157.550003,157.899994,155.149994,156.350006,155.22653200000002,2298645,-0.099274,150.968226,4.403139
2015-07-14,156.350006,158.100006,155.100006,155.800003,154.68048100000001,2326359,-0.546051,150.761804,2.700458
2015-07-15,155.550003,157.5,153.300003,156.399994,155.276154,3132522,0.595673,150.71968,2.690515
2015-07-16,157.5,157.5,154.5,155.550003,154.43228100000002,3668575,-0.843873,150.829561,1.295629
2015-07-17,156.0,157.350006,155.300003,156.25,155.127243,1876316,0.694962,151.115432,1.449509
2015-07-20,156.0,157.350006,151.5,152.949997,151.850952,1947949,-3.276291,150.858243,1.806926
2015-07-21,152.149994,153.850006,150.300003,150.699997,149.617126,1944809,-2.233826,150.775732,3.747873
2015-07-22,149.199997,153.399994,148.0,152.699997,151.602753,2328858,1.985627,150.654316,1.896275
2015-07-23,153.0,154.350006,151.850006,152.75,151.65239,1951047,0.049637,150.493127,1.826782
2015-07-24,154.0,157.800003,153.5,155.75,154.630844,5482823,2.978454,150.47692,1.221168
2015-07-27,154.399994,155.149994,151.600006,152.300003,151.205627,4409981,-3.425217,150.356297,1.801958
2015-07-28,152.649994,156.949997,150.800003,153.850006,152.74449199999998,7724877,1.538865,150.292657,0.069494
2015-07-29,154.25,154.75,151.25,153.199997,152.099152,2710677,-0.64534,150.233581,0.397134
2015-07-30,154.100006,170.0,153.449997,168.600006,167.388504,32688630,15.289352,150.54241,13.596596
2015-07-31,169.0,179.399994,166.0,177.5,176.224548,17527120,8.836044,151.050284,20.322909
2015-08-03,178.899994,190.0,178.050003,184.850006,183.52174399999998,13017224,7.297196,151.657513,24.453026
2015-08-04,185.0,192.850006,181.699997,191.050003,189.677185,18672290,6.155441,152.355821,26.602461
2015-08-05,191.0,192.350006,186.149994,189.0,187.641922,12794678,-2.035263,152.980424,20.963281
2015-08-06,187.350006,191.25,185.149994,189.399994,188.03903200000002,9259306,0.39711,153.633351,17.721727
2015-08-07,188.0,188.699997,183.649994,185.0,183.670654,6318145,-4.368378,154.150381,10.449368
2015-08-10,184.0,186.699997,180.5,182.100006,180.791504,5175357,-2.87915,154.559357,4.61163
2015-08-11,182.899994,184.699997,175.649994,178.050003,176.770599,6721139,-4.020905,154.981092,1.811885
2015-08-12,177.0,182.600006,175.350006,176.050003,174.784973,5013717,-1.985626,155.346614,6.066094
2015-08-13,177.800003,183.0,175.5,176.75,175.479935,6253658,0.694962,155.7173,6.180275
2015-08-14,178.600006,186.149994,175.75,184.399994,183.074966,14076858,7.595031,156.268034,0.729715
2015-08-17,196.0,215.899994,196.0,212.80000299999998,211.27090499999997,45185457,28.195939,157.46907,26.150737
2015-08-18,213.399994,216.30000299999998,208.550003,212.899994,211.37017799999998,17259800,0.099273,158.723534,24.080711
2015-08-19,211.0,211.399994,205.350006,208.75,207.25,10787146,-4.120178,159.899476,17.999725
2015-08-20,205.0,210.399994,194.649994,201.100006,199.654968,15568519,-7.595032,161.0099,9.2431
2015-08-21,189.0,201.399994,187.899994,199.649994,198.21537800000002,13854388,-1.43959,162.121622,6.349037
2015-08-24,185.0,193.199997,175.399994,182.600006,181.287903,15311574,-16.927475,162.971471,10.628077
2015-08-25,189.0,189.0,172.449997,182.649994,181.33754,14500509,0.049637,163.778629,11.035135
2015-08-26,182.350006,182.5,175.850006,177.199997,175.926697,11710116,-5.410843,164.504376,16.56015
2015-08-27,182.100006,188.600006,179.550003,187.800003,186.450546,19433047,10.523849,165.480313,7.133362
2015-08-28,191.0,192.449997,181.0,185.199997,183.869217,8276935,-2.581329,166.336118,9.794116
2015-08-31,184.199997,189.800003,183.0,184.75,183.422455,7867199,-0.446762,167.097607,7.456033
2015-09-01,181.25,183.149994,170.649994,172.5,171.260483,8528703,-12.161972,167.538417,15.607036
2015-09-02,175.949997,175.949997,166.550003,169.5,168.282028,11324084,-2.978455,168.007025,14.688694
2015-09-03,172.600006,178.5,169.5,175.600006,174.338211,7011767,6.056183,168.614628,6.100835
2015-09-04,174.949997,175.449997,164.850006,174.25,172.99791000000002,10417204,-1.340301,169.204359,4.919389
2015-09-07,175.800003,180.0,168.699997,169.800003,168.57988,7452057,-4.41803,169.714666,8.066617
2015-09-08,171.949997,180.699997,169.449997,177.699997,176.423111,8651934,7.843231,170.380844,0.268057
2015-09-09,182.0,182.399994,176.800003,180.600006,179.302277,8900397,2.879166,170.98249,2.809665
2015-09-10,175.600006,180.899994,173.050003,178.949997,177.664124,7766785,-1.638153,171.557329,2.050154
2015-09-11,181.25,185.0,179.199997,181.300003,179.997253,9750849,2.333129,172.162946,4.77048
2015-09-14,182.0,187.199997,181.0,186.550003,185.209518,5640654,5.212265,172.826146,9.804038
2015-09-15,185.0,187.25,180.75,181.600006,180.29509,5703930,-4.914428,173.38113,3.98615
2015-09-16,184.0,184.350006,179.899994,182.550003,181.23826599999998,6249396,0.943176,174.000646,3.633702
2015-09-18,185.0,192.25,184.0,190.300003,188.932571,13898028,7.694305,174.742278,9.868571
2015-09-21,186.5,192.800003,186.199997,192.100006,190.71965,6864603,1.787079,175.450155,9.883476
2015-09-22,193.550003,196.25,185.100006,186.850006,185.50737,11012950,-5.21228,176.055772,2.978447
2015-09-23,183.100006,190.25,182.449997,188.25,186.897308,6385928,1.389938,176.700108,3.320965
2015-09-24,188.0,190.300003,185.300003,186.399994,185.06059299999998,8759263,-1.836715,177.295797,0.908419
2015-09-28,187.899994,188.75,183.0,183.550003,182.231079,5200941,-2.829514,177.851773,2.377791
2015-09-29,181.0,189.0,178.850006,187.25,185.904495,14290387,3.673416,178.467318,0.704901
2015-09-30,188.899994,189.399994,181.550003,183.199997,181.883591,7035780,-4.020904,179.067971,2.98341
2015-10-01,185.25,185.699997,180.5,181.100006,179.798691,5232804,-2.0849,179.671602,5.01867
2015-10-05,183.0,187.199997,182.5,186.399994,185.06059299999998,5748005,5.261902,180.340759,0.139001
2015-10-06,187.0,187.0,182.199997,184.350006,183.02533,6403546,-2.035263,180.968218,1.58354
2015-10-07,184.199997,187.0,183.550003,186.350006,185.010956,4487908,1.985626,181.57582,0.972955
2015-10-08,186.5,191.0,184.199997,185.899994,184.564178,7127441,-0.446778,182.242991,0.620497
2015-10-09,187.600006,188.699997,181.300003,182.100006,180.791504,5322131,-3.772674,182.803931,2.541597
2015-10-12,172.5,179.649994,169.300003,176.800003,175.52958700000002,17641320,-5.261917,183.27254,6.850413
2015-10-13,175.100006,178.399994,174.199997,176.0,174.735321,6465322,-0.794266,183.419476,6.895104
2015-10-14,174.0,176.5,173.0,173.5,172.253296,5063842,-2.482025,183.340051,8.012009
2015-10-15,174.899994,180.399994,174.199997,179.899994,178.6073,7941255,6.354004,183.241762,1.330376
2015-10-16,179.699997,179.800003,175.100006,177.699997,176.423111,6019726,-2.184189,182.976681,3.177007
2015-10-19,177.5,178.850006,174.399994,175.550003,174.28855900000002,3959212,-2.134552,182.709614,4.234355
2015-10-20,176.0,178.600006,175.100006,176.25,174.98353600000002,4977877,0.694977,182.448504,2.735199
2015-10-21,176.449997,177.399994,171.600006,174.75,173.49430800000002,4780005,-1.489228,182.244977,3.072762
2015-10-23,176.100006,176.699997,172.5,173.100006,171.856171,4429520,-1.638137,182.06627,3.440098
2015-10-26,173.699997,174.899994,171.050003,172.050003,170.813721,2655746,-1.04245,181.947133,3.48477
2015-10-27,172.199997,172.850006,167.949997,168.350006,167.140305,4659114,-3.673416,181.794239,6.319258
2015-10-28,166.800003,167.0,161.5,164.050003,162.871201,8360171,-4.269104,181.542065,9.40195
2015-10-29,164.199997,165.699997,161.800003,162.449997,161.28268400000002,6729964,-1.588517,181.106219,9.893406
2015-10-30,162.100006,164.800003,159.550003,160.199997,159.04885900000002,3329357,-2.233825,180.061778,10.171387
2015-11-02,161.0,162.75,156.600006,161.850006,160.687012,4087869,1.638153,179.048115,6.959624
2015-11-03,163.199997,164.300003,161.25,161.949997,160.78628500000002,2575203,0.099273,178.11884,5.510123
2015-11-04,164.0,165.399994,162.25,163.449997,162.275497,2924240,1.489212,177.371251,2.750107
2015-11-05,163.0,163.399994,158.5,159.399994,158.25460800000002,3577012,-4.020889,176.572036,5.247026
2015-11-06,158.5,169.199997,140.100006,167.050003,165.84964,41221671,7.595032,176.26327,2.948659
2015-11-09,162.550003,172.5,161.699997,171.449997,170.218018,13759006,4.368378,176.04088,7.376607
2015-11-10,169.399994,173.899994,167.850006,172.949997,171.707245,9643929,1.489227,175.956491,8.40914
2015-11-13,172.0,175.350006,169.5,174.199997,172.948257,4232178,1.241012,175.686445,8.642446
2015-11-16,173.899994,177.199997,173.399994,176.449997,175.182098,3956693,2.233841,175.512703,9.486346
2015-11-17,177.0,177.399994,172.649994,173.25,172.00508100000002,5854943,-3.177017,175.284355,5.013707
2015-11-18,172.75,173.199997,167.600006,168.350006,167.140305,3802980,-4.864776,175.201952,0.496398
2015-11-19,170.050003,170.050003,166.699997,168.100006,166.89210500000002,3106543,-0.2482,175.174153,1.35518
2015-11-20,168.0,173.199997,166.0,171.899994,170.66478,6658634,3.772675,175.100685,1.578566
2015-11-23,172.100006,172.75,168.399994,169.350006,168.133118,2844474,-2.531662,175.003389,1.940947
2015-11-24,169.0,171.149994,167.850006,168.199997,166.991379,2584252,-1.141739,174.971619,3.19686
2015-11-26,169.399994,172.0,167.199997,170.050003,168.828079,4062210,1.8367,174.819718,1.221166
2015-11-27,171.699997,180.25,170.699997,179.600006,178.309464,8015865,9.481385,174.799862,7.599997
2015-11-30,179.399994,182.5,178.699997,179.899994,178.6073,6179392,0.297836,174.818725,7.331929
2015-12-01,179.899994,180.800003,176.300003,177.550003,176.2742,3179826,-2.3331,174.744264,4.889619
2015-12-02,177.550003,179.050003,173.300003,173.800003,172.551132,2806938,-3.723068,174.491097,1.111946
2015-12-03,170.800003,173.199997,170.800003,171.25,170.019455,3707538,-2.531677,174.285584,1.707646
2015-12-04,170.0,170.0,165.550003,166.899994,165.70071399999998,5677342,-4.318741,173.974833,5.907248
2015-12-07,168.149994,170.0,165.050003,165.699997,164.50933799999999,4471391,-1.191376,173.486368,6.48308
2015-12-08,165.100006,167.25,160.850006,161.699997,160.53808600000002,3682593,-3.971252,172.882737,9.694829
2015-12-09,161.050003,163.800003,159.5,160.25,159.09849499999999,4114264,-1.439591,172.354559,10.345131
2015-12-10,161.300003,162.0,156.300003,159.350006,158.204971,4601250,-0.893524,171.780713,10.176345
2015-12-11,160.300003,161.300003,150.449997,155.25,154.13443,9216363,-4.070541,171.162189,11.829382
2015-12-14,154.0,158.699997,153.300003,156.800003,155.673294,4516807,1.538864,170.631034,7.997118
2015-12-15,157.0,159.199997,155.0,158.350006,157.21215800000002,4845016,1.538864,170.057187,4.552049
2015-12-16,159.899994,161.800003,157.25,159.800003,158.651733,6871448,1.439575,169.59255,1.722534
2015-12-17,161.0,163.399994,158.600006,159.949997,158.800659,5294926,0.148926,169.172589,0.451729
2015-12-18,159.75,162.800003,158.300003,159.0,157.857483,4846330,-0.943176,168.628527,0.610582
2015-12-21,159.25,160.399994,157.5,159.449997,158.304245,3892072,0.446762,168.134105,0.45669
2015-12-22,159.550003,161.399994,156.550003,157.100006,155.971146,2873560,-2.333099,167.553309,1.419715
2015-12-23,158.600006,159.0,157.5,158.550003,157.410721,2806684,1.439575,167.01024,0.188637
2015-12-24,158.600006,159.75,157.399994,158.300003,157.162521,1732360,-0.2482,166.53766,0.044682
2015-12-28,159.25,159.949997,158.399994,158.949997,157.80784599999998,1555520,0.645325,166.183225,0.322665
2015-12-29,159.399994,159.5,157.100006,157.850006,156.71575900000002,2538151,-1.092087,165.822834,0.873668
2015-12-30,158.899994,159.399994,155.300003,156.100006,154.97833300000002,3585872,-1.737426,165.477335,2.387712
2015-12-31,156.100006,159.0,154.0,156.649994,155.52436799999998,8896436,0.546035,165.015676,1.52894
2016-01-01,157.199997,159.899994,156.0,159.050003,157.90712,2465469,2.382752,164.645356,0.943166
2016-01-04,158.100006,158.800003,150.5,151.199997,150.113525,5466902,-7.793595,164.161856,6.076033
2016-01-05,152.699997,152.699997,146.300003,148.100006,147.03581200000002,7745858,-3.077713,163.602901,8.026903
2016-01-06,148.0,150.949997,146.600006,148.699997,147.631485,4243727,0.595673,163.085645,6.597264
2016-01-07,147.0,147.0,138.800003,139.5,138.497604,7983007,-9.133881,162.418473,13.839833
2016-01-08,140.949997,143.449997,139.350006,140.449997,139.44078100000002,3860880,0.943177,161.791015,11.124482
2016-01-11,138.0,140.199997,134.550003,139.100006,138.100479,7042655,-1.340302,161.210218,10.494048
2016-01-12,138.550003,140.399994,133.699997,134.5,133.533539,5896447,-4.56694,160.623465,12.742766
2016-01-13,136.199997,137.399994,127.5,132.100006,131.150787,8377553,-2.382752,160.020827,12.742763
2016-01-14,129.800003,131.850006,126.25,130.899994,129.959396,7253954,-1.191391,159.439038,11.377657
2016-01-15,130.949997,133.0,124.599998,126.150002,125.24353,6218125,-4.715866,158.730168,12.827164
2016-01-18,127.0,131.5,124.449997,125.699997,124.796761,12717221,-0.446769,158.010378,10.742256
2016-01-19,127.550003,129.199997,124.25,125.150002,124.250717,6853383,-0.546044,157.249882,9.009791
2016-01-20,122.800003,123.0,118.050003,121.150002,120.27946499999999,7500382,-3.971252,156.490379,10.245841
2016-01-21,123.550003,126.5,121.099998,124.25,123.35718500000002,6580088,3.07772,155.64053,5.654079
2016-01-22,126.300003,131.600006,126.25,130.199997,129.26442,6659077,5.907235,154.821458,1.270792
2016-01-25,132.399994,133.149994,128.5,129.5,128.569458,5082968,-0.694962,153.958702,1.528932
2016-01-27,128.699997,131.399994,125.349998,130.0,129.06587199999998,8078468,0.496414,153.081055,2.472113
2016-01-28,129.899994,132.699997,128.350006,130.149994,129.214783,6109040,0.148911,152.161708,2.814624
2016-01-29,128.800003,130.699997,122.650002,125.400002,124.498924,11988921,-4.715859,151.211585,1.355188
2016-02-01,125.25,126.849998,121.099998,122.199997,121.32191499999999,5631241,-3.177009,150.295217,4.140035
2016-02-02,122.550003,127.849998,120.099998,120.949997,120.080894,9944852,-1.241021,149.358993,4.909469
2016-02-03,119.400002,122.599998,116.300003,120.550003,119.683777,6876418,-0.397117,148.339373,4.849892
2016-02-04,123.0,124.699997,120.849998,122.800003,121.91761000000001,5957948,2.233833,147.415063,2.779874
2016-02-05,123.400002,128.050003,121.650002,126.949997,126.03778100000001,5380861,4.120171,146.595991,1.072238
2016-02-08,127.900002,134.699997,127.099998,130.649994,129.711197,9374447,3.673416,145.813653,4.700976
2016-02-09,128.0,131.550003,123.550003,124.300003,123.40683,8476433,-6.304367,144.715601,1.087128
2016-02-10,124.0,124.0,115.599998,116.900002,116.059998,11189664,-7.346832,143.464655,7.133373
2016-02-11,115.599998,121.599998,112.650002,115.949997,115.116821,17088692,-0.943177,142.241507,6.666754
2016-02-12,117.0,117.400002,109.349998,113.699997,112.88298799999998,7472380,-2.233833,141.048144,7.738993
2016-02-15,118.5,142.100006,118.5,139.350006,138.348694,55792562,25.465706,140.414729,16.024035
2016-02-16,140.75,140.75,129.699997,130.850006,129.90976,27278731,-8.438934,139.69891,6.602214
2016-02-17,131.199997,140.449997,126.300003,138.300003,137.306229,27514647,7.396469,139.154848,12.236438
2016-02-18,141.699997,146.25,135.399994,138.850006,137.85228,21839968,0.546051,138.701132,11.189022
2016-02-19,136.75,141.850006,136.5,139.649994,138.646515,11146103,0.794235,138.292092,10.722384
2016-02-22,140.0,141.5,136.649994,139.25,138.249405,8496547,-0.39711,137.892981,9.471453
2016-02-23,139.0,139.25,132.350006,132.949997,131.994659,8612499,-6.254746,137.450185,2.357924
2016-02-24,130.75,136.25,130.050003,133.699997,132.739273,11020492,0.744614,136.991505,1.434611
2016-02-25,135.350006,135.850006,129.25,130.100006,129.165161,14421310,-3.574112,136.430565,3.544335
2016-02-26,133.75,134.25,126.699997,132.75,131.79611200000002,15314340,2.630951,135.893452,2.804697
2016-02-29,133.25,139.199997,127.099998,131.899994,130.952209,26064200,-0.843903,135.336483,2.908951
2016-03-01,134.350006,136.800003,133.0,136.050003,135.072403,13674360,4.120194,134.880782,0.694978
2016-03-02,144.5,152.100006,143.100006,145.25,144.206284,30497349,9.133881,134.598823,9.138854
2016-03-03,147.399994,147.399994,141.199997,145.399994,144.355209,11598899,0.148925,134.366504,8.637486
2016-03-04,146.0,150.5,143.600006,148.899994,147.830048,14291897,3.474839,134.17489,11.193972
2016-03-08,143.899994,147.449997,140.600006,141.899994,140.880356,14941466,-6.949692,133.849247,3.981185
2016-03-09,140.0,143.399994,139.550003,143.050003,142.022095,18609517,1.141739,133.533532,4.12018
2016-03-10,144.0,144.300003,138.300003,139.199997,138.19975300000002,9988261,-3.822342,133.163212,0.24821
2016-03-11,139.0,142.199997,137.5,140.699997,139.68898000000002,7604612,1.489227,132.857425,0.188635
2016-03-14,142.899994,143.199997,140.399994,140.949997,139.93718,6054502,0.2482,132.545681,0.377272
2016-03-15,142.0,144.0,140.800003,143.199997,142.171021,6643370,2.233841,132.230959,0.734688
2016-03-16,145.0,146.399994,141.199997,142.949997,141.922806,13741870,-0.248215,132.067145,0.198567
2016-03-17,146.0,146.699997,141.0,142.25,141.227844,10441787,-0.694962,131.950985,0.595685
2016-03-18,143.449997,144.5,141.75,144.100006,143.06456,6685144,1.836716,131.859647,1.370096
2016-03-21,145.649994,147.800003,144.699997,147.399994,146.34083600000002,7220368,3.276276,132.016512,4.795293
2016-03-22,147.649994,147.800003,144.699997,146.5,145.447311,4904756,-0.893525,132.136642,3.445072
2016-03-23,145.25,145.75,142.850006,144.0,142.965271,6452849,-2.48204,132.233938,0.868715
2016-03-28,145.0,145.0,137.199997,138.75,137.75299099999998,8134726,-5.21228,132.318327,4.298889
2016-03-29,138.350006,141.449997,137.699997,140.350006,139.341507,5583334,1.588516,132.482141,2.675626
2016-03-30,142.0,148.75,140.800003,147.050003,145.99336200000002,9150953,6.651855,132.802821,3.370611
2016-03-31,147.0,149.399994,145.25,147.0,145.94371,14300509,-0.049652,133.216824,2.94369
2016-04-01,145.699997,153.5,145.350006,152.800003,151.702042,12808561,5.758332,133.75493,7.724099
2016-04-04,154.0,154.149994,149.649994,151.449997,150.361725,6201546,-1.340317,134.27715,5.470393
2016-04-05,150.899994,152.300003,143.600006,144.350006,143.312759,13262487,-7.048966,134.737816,1.603392
2016-04-06,144.399994,144.899994,141.600006,143.350006,142.319946,5995156,-0.992813,135.117071,2.194116
2016-04-07,143.449997,146.399994,142.149994,143.399994,142.369568,5841269,0.049622,135.379174,1.83672
2016-04-08,143.0,144.100006,141.75,143.100006,142.071747,4019160,-0.297821,135.64922,2.045189
2016-04-11,143.100006,150.100006,143.100006,149.350006,148.276825,7123348,6.205078,136.033439,3.107506
2016-04-12,149.699997,150.850006,148.0,149.199997,148.12789899999999,5850618,-0.148926,136.411701,2.079941
2016-04-13,151.850006,153.899994,151.300003,152.449997,151.354553,8681520,3.226654,136.948814,4.770476
2016-04-18,151.100006,151.899994,146.899994,148.100006,147.03581200000002,5736322,-4.318741,137.463092,0.342524
2016-04-20,148.550003,153.699997,146.5,152.649994,151.553101,8066467,4.517289,138.092536,4.874708
2016-04-21,155.0,162.300003,154.600006,157.75,156.61647,18110602,5.063369,138.83119,9.312602
2016-04-22,156.850006,163.899994,155.399994,161.949997,160.78628500000002,13127744,4.169815,139.608563,11.735064
2016-04-25,162.25,162.449997,156.550003,157.850006,156.71575900000002,7200751,-4.070526,140.222123,6.224957
2016-04-26,157.449997,162.149994,156.25,161.699997,160.53808600000002,8570064,3.822327,140.838661,8.230432
2016-04-27,161.699997,163.350006,159.800003,161.050003,159.892761,5587291,-0.645325,141.568379,5.803006
2016-04-28,160.399994,163.300003,159.199997,160.550003,159.396347,10995521,-0.496414,142.435106,4.19464
2016-04-29,160.600006,162.600006,152.850006,157.899994,156.76538100000002,7904145,-2.630966,143.268078,0.699926
2016-05-02,157.800003,158.5,155.100006,155.5,154.382629,4710508,-2.382752,144.09807,1.985634
2016-05-03,156.25,159.399994,152.100006,152.899994,151.801315,6028875,-2.581314,144.367123,5.043498
2016-05-04,152.550003,154.600006,148.0,148.649994,147.581848,8544044,-4.219467,144.720565,8.86584
2016-05-05,149.949997,150.949997,146.800003,148.699997,147.631485,7567623,0.049637,144.92707,7.917705
2016-05-06,148.699997,152.5,148.550003,150.600006,149.517853,6562718,1.886368,145.160381,4.904493
2016-05-09,152.0,156.399994,150.800003,155.149994,154.03514099999998,6471976,4.517288,145.468154,0.119144
2016-05-10,155.0,158.25,152.399994,157.399994,156.268982,6802037,2.233841,145.828545,2.541608
2016-05-11,154.449997,158.149994,152.800003,156.850006,155.722946,7745485,-0.546036,146.303111,2.412553
2016-05-12,159.75,160.149994,155.199997,157.649994,156.517181,8079241,0.794235,146.778669,3.494705
2016-05-13,157.5,157.5,154.100006,155.100006,153.98551899999998,10556586,-2.531662,147.275076,1.241029
2016-05-16,150.0,150.0,139.75,142.300003,141.277481,37212369,-12.708038,147.464704,10.156494
2016-05-17,143.300003,144.649994,139.699997,141.899994,140.880356,15796818,-0.397125,147.663267,9.461523
2016-05-18,140.0,143.600006,140.0,142.399994,141.376755,9622998,0.496399,147.789354,8.344615
2016-05-19,142.0,142.0,136.199997,137.199997,136.214127,10018968,-5.162628,147.62951,12.365507
2016-05-20,136.850006,138.699997,134.5,135.050003,134.07959,8781855,-2.134537,147.423998,12.956218
2016-05-23,135.800003,136.399994,131.300003,131.800003,130.852936,11239891,-3.226654,147.084456,13.864651
2016-05-24,131.25,131.899994,128.25,129.800003,128.86731,9149939,-1.985626,146.844195,13.11011
2016-05-25,131.850006,134.199997,130.5,133.199997,132.242874,9150800,3.375564,146.648611,7.386539
2016-05-26,133.550003,136.350006,132.5,134.850006,133.881027,15954717,1.638153,146.562236,3.484771
2016-05-27,135.899994,140.800003,134.399994,138.600006,137.60408,8704250,3.723053,146.520538,1.876426
2016-05-30,141.0,141.399994,136.5,138.399994,137.405502,7009869,-0.198578,146.469904,2.065046
2016-05-31,138.699997,143.449997,136.800003,142.800003,141.77389499999998,8312141,4.368393,146.461962,6.344085
2016-06-01,143.300003,143.399994,137.899994,138.75,137.75299099999998,7562727,-4.020904,146.378566,2.685558
2016-06-02,138.449997,142.300003,137.449997,141.550003,140.532883,6802367,2.779892,146.364666,5.033574
2016-06-03,142.0,144.449997,139.350006,140.199997,139.192566,9742027,-1.340317,146.287227,3.18196
2016-06-06,140.949997,144.350006,140.25,143.449997,142.41922,8445491,3.226654,146.208794,5.251985
2016-06-07,144.75,146.899994,142.899994,145.399994,144.355209,11139484,1.935989,146.186952,5.639184
2016-06-08,145.949997,149.399994,144.25,147.949997,146.886887,7976187,2.531678,146.265384,6.706461
2016-06-09,147.899994,151.649994,146.649994,149.050003,147.97898899999998,8885275,1.092102,146.469904,6.388767
2016-06-10,148.300003,150.800003,145.25,146.300003,145.248749,6775533,-2.73024,146.588049,2.89406
2016-06-13,144.199997,147.5,142.199997,146.100006,145.050186,5251339,-0.198563,146.569186,1.931029
2016-06-14,148.0,149.5,147.199997,148.800003,147.730774,6759764,2.680588,146.604927,4.015929
2016-06-15,149.5,153.5,148.199997,151.800003,150.709229,9172031,2.978455,146.585071,5.69876
2016-06-16,151.25,153.699997,148.5,151.600006,150.510666,12052934,-0.198563,146.58805,4.502419
2016-06-17,152.949997,153.199997,148.699997,150.600006,149.517853,7173150,-0.992813,146.712151,2.477077
2016-06-20,147.850006,152.600006,147.5,151.649994,150.56028700000002,9750645,1.042434,146.876958,2.705404
2016-06-21,151.899994,152.899994,149.050003,149.899994,148.82286100000002,4510620,-1.737426,147.006024,0.521213
2016-06-22,149.550003,151.600006,148.300003,149.100006,148.028625,5702590,-0.794236,147.125162,0.387197
2016-06-23,149.899994,153.300003,149.300003,152.199997,151.106339,5687099,3.077714,147.181752,2.377782
2016-06-24,144.949997,147.949997,140.800003,147.149994,146.092621,14542704,-5.013718,147.141046,2.720323
2016-06-27,146.100006,152.600006,146.100006,151.850006,150.758865,8394527,4.666244,147.129133,1.375053
2016-06-28,152.449997,155.0,150.5,154.399994,153.290527,9508488,2.531662,147.254227,3.35074
2016-06-29,155.0,156.0,153.350006,153.899994,152.794128,5909460,-0.496399,147.279048,2.645851
2016-06-30,155.350006,155.649994,153.5,153.949997,152.843765,6302699,0.049637,147.203593,2.462178
2016-07-01,154.050003,157.850006,153.649994,156.600006,155.47473100000002,6335327,2.630966,147.097362,4.497456
2016-07-04,157.949997,161.75,157.5,159.800003,158.651733,6832317,3.177002,147.136082,6.865314
2016-07-05,160.449997,162.300003,158.75,159.449997,158.304245,6254891,-0.347488,147.091405,5.569687
2016-07-07,160.0,162.149994,157.449997,158.149994,157.01358000000002,5042083,-1.290665,147.033821,3.380527
2016-07-08,158.149994,158.899994,153.600006,154.75,153.638016,7186476,-3.375564,146.918655,0.248205
2016-07-11,158.100006,162.699997,157.600006,162.350006,161.183411,7970014,7.545395,147.007015,5.788111
2016-07-12,163.199997,165.0,159.399994,160.75,159.59491,11500989,-1.588501,147.111261,3.316005
2016-07-13,161.050003,161.949997,158.649994,160.149994,158.999207,5978746,-0.595703,147.255219,2.149434
2016-07-14,159.100006,166.899994,159.100006,163.699997,162.52371200000002,13346846,3.524505,147.554056,4.700981
2016-07-15,164.899994,168.800003,163.300003,164.25,163.069763,12821241,0.546051,147.862822,4.224432
2016-07-18,165.0,166.550003,158.199997,159.050003,157.90712,6873621,-5.162643,148.030607,1.18145
2016-07-19,159.5,162.5,156.5,158.300003,157.162521,13973022,-0.744599,148.093155,1.777128
2016-07-20,159.0,159.350006,157.25,157.550003,156.417908,5041536,-0.744613,148.096133,2.333107
2016-07-21,158.0,158.899994,151.699997,152.25,151.155991,8788809,-5.261917,148.004794,7.009265
2016-07-22,152.399994,153.0,149.5,150.699997,149.617126,8584225,-1.538865,147.866793,8.146041
2016-07-25,150.5,157.100006,148.899994,155.850006,154.730118,8443187,5.112992,147.881685,2.38772
2016-07-26,156.449997,158.75,153.100006,153.800003,152.69485500000002,6423389,-2.035263,148.110032,3.732977
2016-07-27,155.0,156.649994,153.5,154.850006,153.737305,4961802,1.04245,148.367171,2.164337
2016-07-28,155.149994,156.850006,153.75,154.5,153.389816,7885118,-0.347489,148.607433,1.598436
2016-07-29,154.5,155.100006,151.100006,151.699997,150.60994,4360612,-2.779876,148.895349,3.13233
2016-08-01,153.0,153.5,146.0,147.5,146.440125,6265656,-4.169815,149.14256,6.155446
2016-08-02,148.600006,152.399994,146.300003,151.149994,150.063889,9587249,3.623764,149.526779,1.821818
2016-08-03,150.5,154.899994,148.0,148.850006,147.780426,6650715,-2.283463,149.905041,3.241533
2016-08-04,151.0,157.350006,146.550003,155.75,154.630844,11938778,6.850418,150.3528,3.2614
2016-08-05,157.699997,159.699997,156.25,157.649994,156.517181,8486062,1.886337,150.805523,4.457731
2016-08-08,158.800003,159.75,154.649994,157.5,156.368256,5309988,-0.148925,151.180807,4.144992
2016-08-09,157.25,160.550003,156.300003,158.449997,157.311432,7446960,0.943176,151.578926,4.626511
2016-08-10,159.0,161.25,155.350006,160.399994,159.247421,11504484,1.935989,151.928396,6.011488
2016-08-11,153.0,153.149994,145.0,145.949997,144.90126,38489351,-14.346161,152.071361,7.485817
2016-08-12,147.0,152.199997,144.550003,149.600006,148.52504,22293971,3.62378,152.231205,3.653547
2016-08-16,150.0,151.399994,147.100006,149.550003,148.47538799999998,7165689,-0.049652,152.416861,3.906726
2016-08-17,149.5,152.399994,149.149994,151.350006,150.262466,6673777,1.787078,152.573726,2.139505
2016-08-18,152.149994,154.899994,151.850006,154.5,153.389816,6548857,3.12735,152.754418,0.426906
2016-08-19,155.949997,162.800003,155.100006,161.649994,160.488434,14267416,7.098618,153.026449,6.939765
2016-08-22,160.949997,162.350006,157.699997,160.050003,158.899948,8026440,-1.588486,153.244868,5.113002
2016-08-23,160.300003,165.0,158.350006,164.300003,163.1194,15115837,4.219452,153.602281,8.657339
2016-08-24,164.300003,165.25,162.350006,163.149994,161.977661,6766596,-1.141739,153.940831,7.048978
2016-08-25,163.949997,164.800003,161.399994,161.949997,160.78628500000002,10027674,-1.191376,154.201941,5.703715
2016-08-26,161.75,163.199997,157.600006,158.300003,157.162521,5393070,-3.623764,154.331007,0.853825
2016-08-29,158.399994,160.699997,157.100006,160.050003,158.899948,4125681,1.737427,154.498792,1.553761
2016-08-30,161.0,164.75,160.550003,164.149994,162.970474,6148036,4.070526,154.767845,4.174779
2016-08-31,164.5,165.699997,161.899994,162.949997,161.779099,8047620,-1.191375,154.992221,1.83174
2016-09-01,163.5,164.25,160.600006,161.25,160.091309,6466506,-1.68779,155.21759,0.526199
2016-09-02,161.699997,166.899994,161.149994,166.350006,165.154678,8185748,5.063369,155.560111,4.070546
2016-09-06,168.0,170.899994,167.600006,169.5,168.282028,9021719,3.12735,155.903625,6.259688
2016-09-07,171.25,177.649994,170.5,174.800003,173.54396100000002,16469703,5.261933,156.452652,10.479165
2016-09-08,175.5,177.449997,173.300003,174.75,173.49430800000002,6806480,-0.049653,156.907361,9.277847
2016-09-09,174.600006,174.850006,171.25,171.949997,170.71443200000002,7304893,-2.779876,157.255839,5.505156
2016-09-12,167.949997,167.949997,161.149994,161.75,160.587723,8733499,-10.126709,157.411711,4.964073
2016-09-14,162.0,168.699997,161.75,168.300003,167.090668,7533651,6.502945,157.696649,0.7198
2016-09-15,168.350006,168.899994,164.149994,166.600006,165.40287800000002,5395997,-1.68779,157.895212,1.21123
2016-09-16,168.25,171.350006,164.149994,164.75,163.56616200000002,11408056,-1.836716,157.9935,3.226653
2016-09-19,166.949997,167.899994,165.399994,166.449997,165.253952,3003890,1.68779,158.132494,2.055127
2016-09-20,167.149994,168.350006,165.350006,166.699997,165.502151,3272265,0.248199,158.302266,1.841675
2016-09-21,166.25,168.300003,163.899994,164.350006,163.169052,4207634,-2.333099,158.492886,3.663477
2016-09-22,167.100006,170.0,166.649994,169.449997,168.23239099999998,5591092,5.063339,158.633866,1.931019
2016-09-23,169.949997,172.399994,168.199997,169.149994,167.93454,6444029,-0.297851,158.800659,2.189145
2016-09-26,168.5,169.399994,165.5,166.350006,165.154678,5315511,-2.779862,158.923768,0.034742
2016-09-27,167.149994,167.699997,163.550003,164.0,162.821548,3742387,-2.33313,158.929725,2.591254
2016-09-28,163.899994,169.699997,163.5,168.449997,167.239578,6284089,4.41803,159.013121,1.811885
2016-09-29,169.5,170.899994,159.550003,161.899994,160.736633,11281815,-6.502945,159.069711,4.224436
2016-09-30,160.5,168.199997,160.050003,167.399994,166.197113,7164669,5.46048,159.250403,0.972949
2016-10-03,168.100006,170.600006,167.75,168.899994,167.68634,5528006,1.489227,159.475772,2.218938
2016-10-04,169.5,171.399994,165.649994,169.850006,168.629532,16698890,0.943192,159.825243,2.849391
2016-10-05,172.5,173.199997,168.5,169.449997,168.23239099999998,11698120,-0.397141,160.197548,1.945917
2016-10-06,169.949997,169.949997,163.5,164.5,163.317963,6697536,-4.914428,160.369305,2.477069
2016-10-07,164.699997,165.699997,162.600006,163.850006,162.67263799999998,7061560,-0.645325,160.56886,2.596203
2016-10-10,164.5,165.199997,161.399994,161.949997,160.78628500000002,3950523,-1.886353,160.70984,4.045717
2016-10-13,161.25,161.350006,151.199997,154.25,153.141617,12034390,-7.644668,160.704876,10.722392
2016-10-14,155.199997,155.949997,153.100006,153.949997,152.843765,6440074,-0.297852,160.749553,9.580663
2016-10-17,154.100006,155.75,150.100006,150.949997,149.865326,5802392,-2.978439,160.818057,11.471971
2016-10-18,152.449997,156.25,151.5,155.699997,154.581192,5013838,4.715866,160.908403,5.594513
2016-10-19,156.649994,157.300003,154.100006,155.399994,154.28333999999998,4212034,-0.297852,161.038461,4.552065
2016-10-20,155.100006,158.449997,155.100006,157.449997,156.31861899999998,6095049,2.035279,161.072216,1.285695
2016-10-21,157.899994,157.899994,154.600006,156.100006,154.97833300000002,3310337,-1.340286,161.041439,1.300575
2016-10-24,156.399994,160.399994,156.399994,158.399994,157.261795,5301519,2.283462,161.05931,1.588504
2016-10-25,159.0,159.5,155.550003,156.550003,155.425095,2847649,-1.8367,161.021584,0.476558
2016-10-26,156.550003,159.0,153.949997,155.149994,154.03514099999998,3620802,-1.389954,160.917338,0.238281
2016-10-27,154.850006,155.75,152.399994,153.050003,151.950241,6337383,-2.0849,161.058318,2.204044
2016-10-28,153.800003,156.649994,153.100006,156.25,155.127243,4574412,3.177002,161.190362,0.74461
2016-11-01,156.600006,157.350006,154.050003,155.300003,154.184067,5673444,-0.943176,161.304535,0.63044
2016-11-02,152.800003,152.800003,149.600006,150.0,148.92215,5224054,-5.261917,161.277729,5.326452
2016-11-03,149.300003,150.850006,146.050003,146.550003,145.496948,5759653,-3.425202,161.119871,7.873015
2016-11-04,149.149994,149.149994,141.300003,142.550003,141.52569599999998,9329011,-3.971252,160.740617,10.364975
2016-11-07,147.0,149.199997,144.449997,148.050003,146.986176,5240267,5.46048,160.502341,4.105279
2016-11-08,148.199997,149.699997,146.0,148.949997,147.8797,3610842,0.893524,160.197547,2.273546
2016-11-09,137.0,153.0,135.25,151.199997,150.113525,13645350,2.233825,159.960265,0.491436
2016-11-10,155.300003,166.300003,155.0,165.0,163.814377,19938451,13.700852,160.020826,13.214365
2016-11-11,164.0,169.899994,158.600006,160.5,159.34671,20909685,-4.467667,160.06451,8.007051
2016-11-15,167.399994,177.25,165.600006,174.300003,173.04754599999998,45412145,13.700836,160.347462,19.915856
2016-11-16,177.300003,178.449997,168.25,173.399994,172.154007,19230982,-0.893539,160.531133,17.225323
2016-11-17,174.800003,179.600006,172.649994,174.75,173.49430800000002,22051586,1.340301,160.765437,16.108409
2016-11-18,175.899994,178.0,172.5,176.949997,175.678497,10883549,2.184189,161.077181,15.274443
2016-11-21,179.550003,179.550003,159.5,161.100006,159.942398,24330175,-15.736099,160.972935,2.303326
2016-11-22,163.800003,165.300003,159.0,163.199997,162.027298,15079667,2.0849,160.847841,1.722539
2016-11-23,164.699997,164.800003,160.600006,162.100006,160.935211,7304971,-1.092087,160.595666,4.120177
2016-11-24,160.199997,168.649994,158.5,167.050003,165.84964,17931399,4.914429,160.442772,0.779359
2016-11-25,168.5,171.149994,165.850006,167.899994,166.693527,9693735,0.843887,160.362354,0.223387
2016-11-28,162.0,164.850006,161.0,163.050003,161.878387,12450961,-4.81514,160.388167,5.291695
2016-11-29,163.0,165.5,160.600006,161.5,160.33952299999999,6633060,-1.538864,160.253144,5.559757
2016-11-30,161.800003,164.800003,161.100006,164.149994,162.970474,7519207,2.630951,160.204496,2.010452
2016-12-01,164.699997,165.800003,160.850006,161.600006,160.438812,5777972,-2.531662,160.141949,3.236565
2016-12-02,160.800003,164.5,159.399994,161.100006,159.942398,9787771,-0.496414,160.035718,2.159369
2016-12-05,161.0,163.0,160.5,162.5,161.332336,4095538,1.389938,159.952322,0.908425
2016-12-06,163.300003,164.149994,161.899994,162.300003,161.133774,4266725,-0.198562,159.911616,1.017634
2016-12-07,163.0,164.600006,156.600006,157.5,156.368256,9887410,-4.765518,159.674334,5.326457
2016-12-08,159.199997,159.600006,157.300003,158.5,157.361084,8724918,0.992828,159.462865,3.484773
2016-12-09,159.100006,162.75,157.199997,162.050003,160.885574,10278079,3.52449,159.377483,0.620512
2016-12-12,162.0,162.0,157.649994,158.899994,157.758194,5487034,-3.12738,159.276215,2.094849
2016-12-13,158.5,161.0,156.600006,160.399994,159.247421,5492641,1.489227,159.116372,0.496411
2016-12-14,161.0,161.050003,157.850006,158.350006,157.21215800000002,2808098,-2.035263,159.045883,1.955843
2016-12-15,157.0,161.399994,156.399994,159.899994,158.75100700000002,4977598,1.538849,158.896961,0.248213
2016-12-16,160.5,162.699997,158.850006,159.649994,158.50280800000002,5485711,-0.248199,158.71329,0.352453
2016-12-19,159.5,160.699997,158.199997,159.350006,158.204971,2403718,-0.297837,158.504799,0.337554
2016-12-20,159.0,160.199997,155.0,155.75,154.630844,4724772,-3.574127,158.232768,3.261388
2016-12-21,156.699997,158.199997,154.550003,157.5,156.368256,4650450,1.737412,158.093774,1.523976
2016-12-22,157.0,157.0,153.300003,155.050003,153.935867,4094197,-2.432389,157.919038,3.613843
2016-12-23,155.0,156.350006,152.600006,153.0,151.90060400000002,3909592,-2.035263,157.741325,4.750609
2016-12-26,152.0,152.350006,146.0,147.350006,146.291199,6151900,-5.609405,157.604316,9.213315
2016-12-27,147.699997,151.0,146.100006,149.899994,148.82286100000002,4460849,2.531662,157.523898,5.639197
2016-12-28,150.25,152.649994,149.100006,150.149994,149.071075,6665714,0.248214,157.508013,4.576874
2016-12-29,150.0,152.399994,148.350006,151.5,150.41137700000002,19597740,1.340302,157.424617,2.402609
2016-12-30,151.600006,153.899994,151.300003,153.399994,152.29771399999998,6069655,1.886337,157.384904,0.104237
2017-01-02,153.949997,154.600006,147.600006,148.899994,147.830048,9644457,-4.467666,157.215133,3.325937
2017-01-03,149.100006,150.199997,146.699997,148.600006,147.532227,10690916,-0.297821,157.066211,2.913896
2017-01-04,148.0,149.850006,147.399994,148.0,146.936523,4993802,-0.595704,156.859705,2.566427
2017-01-05,149.550003,151.600006,149.300003,150.949997,149.865326,7807838,2.928803,156.74851,0.769431
2017-01-06,151.0,154.600006,151.0,153.25,152.148804,8101310,2.283478,156.710783,3.028089
2017-01-09,154.0,155.0,152.399994,152.800003,151.702042,6078686,-0.446762,156.705819,2.040242
2017-01-10,153.5,154.149994,151.25,152.949997,151.850952,5444632,0.14891,156.640294,1.886343
2017-01-11,153.899994,160.199997,153.25,159.600006,158.453171,11384243,6.602219,156.725676,7.550353
2017-01-12,160.0,160.649994,158.0,158.699997,157.559631,5849315,-0.89354,156.898425,5.941987
2017-01-13,159.149994,159.699997,156.699997,157.75,156.61647,4635287,-0.943161,157.120816,4.566951
2017-01-16,157.75,160.0,157.0,159.600006,158.453171,5216572,1.836701,157.459365,5.341339
2017-01-17,160.399994,162.0,158.350006,159.050003,157.90712,5138460,-0.546051,157.677784,3.757799
2017-01-18,159.399994,160.850006,157.850006,158.850006,157.708572,4034241,-0.198548,157.874362,2.482046
2017-01-19,158.5,160.800003,157.850006,160.100006,158.949585,4541251,1.241013,158.051083,2.814633
2017-01-20,159.399994,160.699997,153.550003,154.350006,153.240906,4787706,-5.708679,157.839613,3.003256
2017-01-23,153.5,157.0,153.149994,154.199997,153.091965,4199528,-0.148941,157.714518,3.291189
2017-01-24,155.300003,156.5,154.5,156.050003,154.92868,4541702,1.836715,157.352141,1.762247
2017-01-25,156.5,164.0,155.25,161.949997,160.78628500000002,12590142,5.857605,157.124787,3.862046
2017-01-27,163.0,169.199997,162.300003,167.699997,166.49496499999998,12394688,5.70868,156.9848,8.677193
2017-01-30,167.100006,170.300003,165.100006,167.75,166.544617,7176912,0.049652,156.802122,7.73403
2017-01-31,167.300003,168.800003,164.350006,165.149994,163.963287,4227883,-2.58133,156.88254,4.601689
2017-02-01,166.399994,173.699997,165.300003,173.050003,171.806534,17004030,7.843247,157.078125,11.054994
2017-02-02,172.899994,178.850006,170.649994,177.649994,176.373459,14260877,4.566925,157.38689,13.755431
2017-02-03,178.0,187.25,176.100006,186.449997,185.110229,16542435,8.73677,157.772101,19.876136
2017-02-06,187.0,191.699997,183.699997,184.600006,183.273544,14311070,-1.836685,158.103702,15.036188
2017-02-07,184.949997,190.399994,183.199997,187.050003,185.70593300000002,10402832,2.432389,158.580253,14.20718
2017-02-08,187.350006,188.600006,182.25,187.0,185.656281,8105412,-0.049652,159.086588,11.084768
2017-02-09,187.0,187.699997,180.800003,184.050003,182.72749299999998,9428624,-2.928788,159.481728,5.961859
2017-02-10,185.699997,191.0,184.550003,188.050003,186.698746,18572012,3.971253,160.006927,7.912734
2017-02-13,182.800003,183.0,168.0,168.800003,167.587067,38352779,-19.111679,160.15982,11.30319
2017-02-14,170.0,171.25,166.149994,168.800003,167.587067,16667658,0.0,160.284915,11.665568
2017-02-15,169.0,170.399994,162.75,163.199997,162.027298,13176926,-5.559769,160.302785,16.247414
2017-02-16,165.399994,167.75,163.649994,166.050003,164.856827,9141324,2.829529,160.472557,12.266221
2017-02-17,166.149994,168.350006,164.5,166.149994,164.9561,6994611,0.099273,160.624457,10.151536
2017-02-20,166.0,169.449997,164.850006,168.850006,167.636703,5345157,2.680603,160.75948,5.907249
2017-02-21,170.100006,170.75,168.050003,169.300003,168.083481,7720858,0.446778,160.965985,3.698225
2017-02-22,169.149994,170.550003,167.199997,167.699997,166.49496499999998,7388811,-1.588516,161.110936,3.37061
2017-02-23,168.699997,169.850006,167.050003,168.149994,166.94172700000001,10531474,0.446762,161.305528,1.345271
2017-02-27,168.5,168.5,164.100006,164.399994,163.218674,7407568,-3.723053,161.394881,2.720317
2017-02-28,165.0,166.600006,163.899994,165.300003,164.112213,7175645,0.893539,161.507069,1.479293
2017-03-01,165.899994,168.5,165.0,165.350006,164.16186499999998,6979516,0.049652,161.626207,1.08712
2017-03-02,166.449997,167.350006,161.0,161.600006,160.438812,8201681,-3.723053,161.742366,4.651325
2017-03-03,160.100006,162.75,159.550003,159.949997,158.800659,9478049,-1.638153,161.791014,5.683861
2017-03-06,161.300003,162.199997,160.050003,160.850006,159.694199,6996223,0.89354,161.906181,4.264131
2017-03-07,160.800003,162.399994,160.0,160.350006,159.197784,6389864,-0.496415,162.052125,3.916654
2017-03-08,160.350006,161.699997,157.350006,159.25,158.105682,8422899,-1.092102,162.288414,4.010976
2017-03-09,159.350006,160.699997,158.0,159.449997,158.304245,5475070,0.198563,162.478042,2.993341
2017-03-10,163.0,163.0,158.300003,159.0,157.857483,5501220,-0.446762,162.65377,2.531679
2017-03-14,162.850006,164.25,160.5,161.0,159.843109,7292526,1.985626,162.842405,0.208496
2017-03-15,160.649994,167.699997,160.600006,166.5,165.303589,11715430,5.46048,163.102522,5.132846
2017-03-16,167.600006,169.649994,166.399994,168.550003,167.338867,9620096,2.035278,163.492699,6.850424
2017-03-17,168.699997,169.199997,164.399994,164.899994,163.71508799999998,7160099,-3.623779,163.816356,2.899018
2017-03-20,164.699997,167.399994,163.100006,165.600006,164.410065,5099749,0.694977,164.165827,3.033054
2017-03-21,166.100006,166.800003,162.149994,162.850006,161.679825,5788764,-2.73024,164.402117,0.104251
2017-03-22,161.0,164.149994,160.649994,161.600006,160.438812,5537506,-1.241013,164.567917,1.260864
2017-03-23,162.100006,163.449997,160.300003,162.199997,161.03448500000002,7386841,0.595673,164.754566,0.958072
2017-03-24,162.0,171.550003,162.0,169.050003,167.835266,23265545,6.800781,165.074252,4.889607
2017-03-27,168.300003,173.199997,167.550003,172.300003,171.06192,24032433,3.226654,165.326427,6.795817
2017-03-28,172.550003,174.300003,171.5,173.899994,172.650406,20208892,1.588486,165.628243,7.103574
2017-03-29,174.0,176.199997,172.850006,173.5,172.253296,20952290,-0.39711,165.940979,6.011493
2017-03-30,173.600006,175.699997,172.75,173.649994,172.402206,19317655,0.14891,166.21996,5.654069
2017-03-31,173.100006,174.899994,171.100006,172.949997,171.707245,7540833,-0.694961,166.495962,4.159892
2017-04-03,173.899994,174.399994,170.350006,172.399994,171.161194,4203694,-0.546051,166.765015,2.938729
2017-04-05,172.75,176.300003,172.050003,174.550003,173.295746,9180210,2.134552,167.051938,3.911688
2017-04-06,173.850006,177.149994,173.350006,174.899994,173.643219,9621343,0.347473,167.459984,2.938721
2017-04-07,174.0,174.5,167.600006,168.649994,167.438141,6958075,-6.205078,167.746908,3.906723
2017-04-10,169.75,172.149994,168.199997,171.100006,169.870544,6533837,2.432403,168.045745,1.677848
2017-04-11,171.449997,175.350006,170.100006,174.699997,173.444672,8135812,3.574128,168.298913,1.658005
2017-04-12,174.149994,175.649994,171.199997,172.350006,171.111557,6323133,-2.333115,168.391245,0.521225
2017-04-13,172.199997,177.899994,171.5,175.649994,174.387833,12377238,3.276276,168.548109,2.541597
2017-04-17,178.0,178.100006,175.25,175.949997,174.685684,6316890,0.297851,168.762557,2.611101
2017-04-18,176.5,181.699997,175.350006,176.050003,174.784973,11000034,0.099289,168.822126,2.402617
2017-04-19,177.0,177.199997,173.300003,174.850006,173.593597,6148670,-1.191376,168.766528,0.968
2017-04-20,175.899994,180.5,174.199997,179.649994,178.3591,11566048,4.765503,168.631506,5.227168
2017-04-21,179.649994,180.050003,174.5,175.199997,173.941071,6262395,-4.418029,168.444856,0.779354
2017-04-24,177.5,179.399994,175.550003,178.899994,177.61448700000003,7576411,3.673416,168.283027,3.435135
2017-04-25,180.0,183.449997,178.75,181.800003,180.493652,8146288,2.879165,168.179775,5.251989
2017-04-26,182.649994,184.600006,178.850006,181.649994,180.344727,7967391,-0.148925,168.132119,4.413059
2017-04-27,181.949997,184.0,180.050003,181.399994,180.09651200000002,6405353,-0.248215,168.000075,3.266348
2017-04-28,181.699997,188.550003,181.699997,187.550003,186.202332,11823024,6.10582,168.37238,8.190719
2017-05-02,188.0,191.600006,185.699997,188.649994,187.294418,11014407,1.092086,168.766527,8.021931
2017-05-03,189.5,194.550003,186.699997,189.550003,188.187958,12842041,0.89354,169.28974,7.575173
2017-05-04,194.0,196.75,192.25,195.75,194.343414,14165960,6.155456,169.879472,11.655647
2017-05-05,197.0,202.5,184.199997,187.399994,186.053406,27045694,-8.290008,170.301418,2.596208
2017-05-08,187.600006,191.600006,185.300003,188.850006,187.492996,9056363,1.43959,170.698544,2.680606
2017-05-09,189.399994,190.0,184.649994,186.75,185.408081,5765748,-2.084915,171.045036,0.183669
2017-05-10,187.0,188.399994,185.050003,185.550003,184.21670500000002,5069404,-1.191376,171.399471,1.74735
2017-05-11,186.550003,190.5,185.800003,187.899994,186.54981999999998,6927969,2.333115,171.791633,0.034744
2017-05-12,188.0,191.199997,184.850006,186.399994,185.06059299999998,9730497,-1.489227,172.228471,2.020379
2017-05-15,186.550003,189.800003,186.5,188.800003,187.44335900000002,5384073,2.382766,172.695094,0.238284
2017-05-16,188.25,195.0,186.399994,193.550003,192.159225,10631909,4.715866,173.255041,4.467669
2017-05-17,193.0,193.75,189.600006,191.75,190.37214699999998,6975684,-1.787078,173.853708,2.462172
2017-05-18,190.75,196.300003,185.199997,187.449997,186.10304299999999,19870837,-4.269104,174.399756,0.982895
2017-05-19,190.0,195.899994,186.300003,188.75,187.393707,31521446,1.290664,174.953746,0.173739
2017-05-22,189.5,191.300003,181.699997,182.800003,181.48646499999998,10849346,-5.907242,175.399519,5.13285
2017-05-23,183.149994,185.75,177.550003,182.0,180.692215,10454348,-0.79425,175.85125,5.455513
2017-05-24,182.199997,182.800003,174.800003,175.75,174.487122,11978420,-6.205093,176.174908,10.687648
2017-05-25,176.600006,182.5,176.0,181.5,180.195801,8619259,5.708679,176.621674,4.343567
2017-05-26,181.5,181.75,177.649994,179.449997,178.160538,7630085,-2.035263,176.988022,5.688824
2017-05-29,179.5,181.350006,173.0,173.649994,172.402206,8084707,-5.758332,177.129995,9.943041
2017-05-30,173.300003,179.199997,172.0,178.5,177.217361,10252246,4.815155,177.327565,3.6337
2017-05-31,179.350006,180.5,176.75,178.050003,176.770599,8340826,-0.446762,177.588675,2.720307
2017-06-01,178.5,179.850006,176.199997,179.0,177.713776,6826246,0.943177,177.854749,0.938203
2017-06-02,180.449997,181.149994,177.050003,178.899994,177.61448700000003,8662482,-0.099289,178.173442,0.05957
2017-06-05,179.899994,180.350006,178.199997,178.600006,177.31665,5074657,-0.297837,178.510999,0.059574
2017-06-06,179.25,179.600006,173.699997,174.449997,173.196457,5254510,-4.120193,178.754239,3.311043
2017-06-07,175.399994,177.399994,174.199997,176.800003,175.52958700000002,5496279,2.33313,178.908125,1.082159
2017-06-08,177.699997,177.699997,174.5,174.850006,173.593597,4506151,-1.93599,178.958759,2.357929
2017-06-09,174.100006,175.649994,172.899994,173.75,172.501495,5868224,-1.092102,178.95578,2.884127
2017-06-12,173.0,173.5,166.899994,168.050003,166.842453,10779589,-5.659042,178.847563,7.987193
2017-06-13,168.949997,171.350006,168.300003,169.75,168.53024299999998,5256450,1.68779,178.770124,5.430691
2017-06-14,171.800003,175.0,169.850006,172.800003,171.55831899999998,12008368,3.028076,178.767146,1.881387
2017-06-15,171.5,172.300003,168.5,169.600006,168.381317,8810334,-3.177002,178.711548,4.125144
2017-06-16,170.5,171.25,167.050003,167.699997,166.49496499999998,9296583,-1.886352,178.575533,4.899543
2017-06-19,168.25,169.5,167.699997,168.050003,166.842453,3972259,0.347488,178.439517,3.504636
2017-06-20,168.0,168.600006,165.5,167.350006,166.147491,5780219,-0.694962,178.413704,3.494701
2017-06-21,166.550003,169.800003,166.300003,167.0,165.800003,5794027,-0.347488,178.332293,2.869231
2017-06-22,166.899994,168.550003,164.5,165.149994,165.149994,6554878,-0.650009,178.1664,2.674879
2017-06-23,165.0,165.800003,160.5,160.850006,160.850006,7198262,-4.299988,177.961169,5.809718
2017-06-27,160.75,160.75,153.199997,154.850006,154.850006,11027711,-6.0,177.570412,10.610474
2017-06-28,153.0,156.399994,152.199997,155.600006,155.600006,6999255,0.75,177.188699,8.56745
2017-06-29,156.600006,157.899994,154.850006,155.5,155.5,8116474,-0.100006,176.802999,7.061624
2017-06-30,157.0,162.399994,156.149994,161.649994,161.649994,13722692,6.149994,176.564127,0.238498
2017-07-03,162.699997,165.0,160.550003,161.850006,161.850006,8862686,0.200012,176.233945,0.42601
2017-07-04,162.399994,163.0,159.0,159.350006,159.350006,5630976,-2.5,175.942124,1.324745
2017-07-05,159.949997,162.399994,158.5,160.800003,160.800003,6616815,1.449997,175.605834,0.660001
2017-07-06,161.399994,165.800003,161.399994,162.399994,162.399994,11934377,1.599991,175.243961,2.599992
2017-07-07,162.5,163.949997,160.0,160.550003,160.550003,9183465,-1.849991,174.848067,1.210001
2017-07-10,164.050003,167.5,164.050003,166.600006,166.600006,6038658,6.050003,174.578137,6.685004
2017-07-11,167.0,167.5,161.5,162.649994,162.649994,7392843,-3.950012,174.10709,1.954993
2017-07-12,162.649994,164.0,160.649994,163.5,163.5,8654854,0.850006,173.631201,2.014999
2017-07-13,164.899994,165.75,162.0,163.399994,163.399994,7648517,-0.100006,173.135442,1.124994
2017-07-14,163.600006,166.399994,162.25,165.0,165.0,7708910,1.600006,172.548574,2.389999
2017-07-17,165.199997,165.649994,162.800003,164.350006,164.350006,7332263,-0.649994,172.114506,1.490005
2017-07-18,163.449997,167.149994,162.800003,163.850006,163.850006,7786687,-0.5,171.641646,0.540005
2017-07-19,163.699997,165.5,163.5,164.449997,164.449997,5407563,0.599991,171.222484,0.774997
2017-07-20,164.25,165.399994,161.449997,161.899994,161.899994,8077756,-2.550003,170.77615,1.725006
2017-07-21,162.199997,163.899994,160.699997,161.75,161.75,6359475,-0.149994,170.280154,1.995
2017-07-24,162.0,165.949997,162.0,164.199997,164.199997,7911705,2.449997,169.862942,0.694998
2017-07-25,164.949997,166.199997,164.300003,165.0,165.0,8747271,0.800003,169.414075,1.260001
2017-07-26,165.0,166.5,163.0,163.350006,163.350006,7778973,-1.649994,168.83789,0.374994
2017-07-27,163.5,165.100006,160.0,160.949997,160.949997,11524003,-2.400009,168.249447,2.530003
2017-07-28,160.800003,162.949997,160.199997,161.550003,161.550003,6187569,0.600006,167.758387,1.584998
2017-07-31,161.800003,168.5,160.550003,166.050003,166.050003,15878051,4.5,167.331512,2.745003
2017-08-01,166.75,167.0,162.600006,163.5,163.5,7847054,-2.550003,166.971783,0.23
2017-08-02,164.399994,165.300003,162.800003,163.399994,163.399994,6526280,-0.100006,166.625939,0.234995
2017-08-03,163.0,163.649994,157.0,158.199997,158.199997,9337691,-5.199997,166.300196,4.595003
2017-08-04,158.0,160.850006,155.399994,158.949997,158.949997,7121754,0.75,165.87528,3.565002
2017-08-07,160.699997,161.300003,159.199997,160.050003,160.050003,4382843,1.100006,165.513069,2.049997
2017-08-08,161.199997,161.25,156.100006,156.550003,156.550003,5960785,-3.5,165.196025,4.704997
2017-08-09,156.899994,157.699997,154.149994,155.199997,155.199997,7541485,-1.350006,164.755678,5.240002
2017-08-10,153.899994,155.600006,145.399994,148.449997,148.449997,10557366,-6.75,164.189266,10.740002
2017-08-11,145.600006,150.5,141.199997,142.25,142.25,14474693,-6.199997,163.479991,15.009999
2017-08-14,140.0,143.199997,139.699997,142.25,142.25,16094565,0.0,162.772701,12.629999
2017-08-16,143.300003,148.649994,137.649994,147.149994,147.149994,25054671,4.899994,162.169368,6.095004
2017-08-17,148.300003,152.25,146.649994,148.25,148.25,20122929,1.100006,161.670439,3.479999
2017-08-18,146.25,148.25,144.300003,147.199997,147.199997,13628146,-1.050003,161.103847,3.430002
2017-08-21,147.899994,149.600006,141.0,142.100006,142.100006,11173367,-5.099991,160.473975,6.844994
2017-08-22,143.050003,143.75,138.199997,139.350006,139.350006,17697793,-2.75,159.810945,7.524994
2017-08-23,140.699997,142.25,138.449997,140.949997,140.949997,18892523,1.599991,159.293096,4.365002
2017-08-24,141.100006,144.0,140.649994,142.850006,142.850006,12332259,1.900009,158.779491,1.229994
2017-08-28,143.800003,145.899994,143.050003,144.25,144.25,10531819,1.399994,158.233325,0.589999
2017-08-29,141.949997,143.5,139.600006,140.050003,140.050003,14024022,-4.199997,157.666699,3.389998
2017-08-30,141.050003,142.100006,139.050003,139.449997,139.449997,11604114,-0.600006,157.125799,3.710004
2017-08-31,140.25,140.399994,137.199997,137.850006,137.850006,14641211,-1.599991,156.54595,4.379996
2017-09-01,139.0,140.850006,137.649994,138.25,138.25,12375796,0.399994,155.988,2.980002
2017-09-04,138.899994,139.25,135.800003,136.800003,136.800003,10476474,-1.449997,155.408,3.389999
2017-09-05,136.800003,139.0,136.0,138.399994,138.399994,10799999,1.599991,154.873,1.420007
2017-09-06,137.0,139.300003,136.399994,138.350006,138.350006,11293085,-0.049988,154.423,1.369995
2017-09-07,138.800003,140.949997,138.550003,139.550003,139.550003,10371362,1.199997,154.117,0.029999
2017-09-08,140.399994,140.399994,136.5,136.800003,136.800003,8057267,-2.75,153.741,2.174999
2017-09-11,139.300003,139.600006,137.149994,137.449997,137.449997,8737567,0.649994,153.38,0.845004
2017-09-12,138.25,142.5,137.199997,141.850006,141.850006,14798852,4.400009,152.984001,3.375004
2017-09-13,142.199997,145.899994,141.600006,143.800003,143.800003,15466661,1.949997,152.623,4.890001
2017-09-14,143.800003,147.0,143.800003,145.699997,145.699997,11680566,1.899994,152.35,6.004996
2017-09-15,144.300003,146.0,143.699997,145.300003,145.300003,9971545,-0.399994,152.04,4.900001
2017-09-18,146.0,149.0,144.75,145.449997,145.449997,9099176,0.149994,151.701,4.184996
2017-09-19,145.199997,146.0,143.149994,144.550003,144.550003,6833002,-0.899994,151.381,2.670001
2017-09-20,144.300003,151.0,143.800003,148.350006,148.350006,15549320,3.800003,151.016,5.470004
2017-09-21,148.899994,148.899994,144.649994,145.600006,145.600006,12114445,-2.75,150.675001,2.115004
2017-09-22,145.0,145.0,141.5,141.850006,141.850006,11341028,-3.75,150.242001,2.139996
2017-09-25,141.850006,143.25,138.199997,142.600006,142.600006,9012712,0.75,149.826001,1.904997
2017-09-26,142.600006,144.199997,140.949997,142.649994,142.649994,7186304,0.049988,149.379001,1.935008
2017-09-27,143.899994,143.899994,137.850006,138.5,138.5,8190665,-4.149994,148.862001,5.555002
2017-09-28,138.5,140.300003,137.199997,138.550003,138.550003,27555317,0.050003,148.356001,4.789999
2017-09-29,139.100006,140.75,137.100006,137.600006,137.600006,7676701,-0.949997,147.819001,4.969997
2017-10-03,138.899994,139.899994,136.350006,137.300003,137.300003,9999986,-0.300003,147.327001,4.455
2017-10-04,138.0,139.0,136.699997,137.550003,137.550003,7166677,0.25,146.843001,3.505
2017-10-05,137.75,140.25,137.199997,139.600006,139.600006,6241934,2.050003,146.351001,0.579997
2017-10-06,139.800003,142.5,139.550003,141.800003,141.800003,6979919,2.199997,145.887001,2.0
2017-10-09,141.5,142.800003,140.5,141.550003,141.550003,4845869,-0.25,145.451001,1.78
2017-10-10,141.899994,143.199997,141.25,141.649994,141.649994,5506768,0.099991,145.065001,1.974992
2017-10-11,142.0,143.600006,137.899994,138.600006,138.600006,6039529,-3.049988,144.606001,0.669997
2017-10-12,138.600006,138.899994,136.100006,138.550003,138.550003,9074838,-0.050003,144.056001,0.725
2017-10-13,139.0,141.75,138.050003,139.550003,139.550003,5536201,1.0,143.577001,0.175
2017-10-16,140.5,140.899994,137.699997,138.199997,138.199997,5854218,-1.350006,143.073001,1.235005
2017-10-17,138.300003,140.600006,138.050003,139.149994,139.149994,4082412,0.949997,142.692001,0.470007
2017-10-18,138.449997,138.899994,136.0,136.699997,136.699997,7209573,-2.449997,142.247001,2.835004
2017-10-19,136.899994,136.899994,134.050003,134.899994,134.899994,1510641,-1.800003,141.744001,4.165005
2017-10-23,135.0,138.899994,133.5,137.899994,137.899994,6988351,3.0,141.371001,0.775004
2017-10-24,138.600006,145.149994,138.5,143.149994,143.149994,12480604,5.25,141.130001,4.314996
2017-10-25,157.449997,192.899994,157.449997,188.149994,188.149994,136846102,45.0,141.924001,44.664996
2017-10-26,189.0,206.649994,182.0,185.699997,185.699997,49068444,-2.449997,142.793001,37.505
2017-10-27,184.75,188.800003,173.600006,174.399994,174.399994,21689785,-11.300003,143.436001,22.619998
2017-10-30,174.300003,184.699997,173.550003,174.649994,174.649994,14562346,0.25,143.986001,19.359999
2017-10-31,175.350006,177.699997,167.850006,169.899994,169.899994,13702475,-4.75,144.419001,11.439999
2017-11-01,172.899994,175.399994,171.199997,172.449997,172.449997,14602616,2.550003,144.924001,10.660002
2017-11-02,172.850006,174.649994,168.600006,169.550003,169.550003,11455496,-2.899994,145.473,4.475007
2017-11-03,170.300003,172.5,167.199997,171.75,171.75,18117337,2.199997,146.121,2.990004
2017-11-06,172.0,176.0,170.5,172.600006,172.600006,15542622,0.850006,146.754001,0.370009
2017-11-07,173.800003,175.0,164.100006,165.25,165.25,13197516,-7.350006,147.202,9.189998
2017-11-08,166.199997,167.149994,160.75,162.300003,162.300003,9187572,-2.949997,147.563,9.554996
2017-11-09,164.399994,166.399994,161.649994,165.550003,165.550003,8118331,3.25,148.073,4.289996
2017-11-10,165.0,173.699997,164.0,169.800003,169.800003,19819112,4.25,148.680001,0.420003
2017-11-13,171.5,175.350006,169.25,172.100006,172.100006,14478546,2.300003,149.365001,2.975004
2017-11-14,173.300003,177.399994,172.699997,174.350006,174.350006,20140602,2.25,150.087001,4.780003
2017-11-15,177.5,181.199997,169.300003,175.199997,175.199997,43833572,0.849991,150.855001,5.354994
2017-11-16,176.75,184.0,175.25,182.800003,182.800003,21563190,7.600006,151.743001,11.63
2017-11-17,190.0,191.850006,182.050003,183.550003,183.550003,31017855,0.75,152.647001,11.2
2017-11-20,183.800003,187.850006,182.5,184.449997,184.449997,14192200,0.899994,153.545001,10.914995
2017-11-21,185.600006,186.25,179.149994,180.350006,180.350006,12505118,-4.099991,154.416001,5.305003
2017-11-22,181.5,183.649994,177.100006,180.649994,180.649994,16415341,0.299988,155.280001,3.769992
2017-11-23,180.699997,181.350006,176.050003,178.100006,178.100006,10580968,-2.549988,156.005001,0.034996
2017-11-24,178.699997,179.75,176.149994,176.850006,176.850006,8407178,-1.25,156.666001,1.989996
2017-11-27,176.0,176.149994,174.050003,175.399994,175.399994,7632874,-1.450012,157.260001,3.770007
2017-11-28,175.699997,176.149994,171.5,172.25,172.25,8869406,-3.149994,157.799001,6.710001
2017-11-29,172.199997,173.300003,169.899994,171.649994,171.649994,12069869,-0.600006,158.323,6.955006
2017-11-30,170.899994,172.899994,168.399994,169.100006,169.100006,15598331,-2.549988,158.814001,8.134995
2017-12-01,169.699997,172.5,165.050003,167.600006,167.600006,14876690,-1.5,159.199001,8.039995
2017-12-04,168.649994,171.300003,165.5,170.100006,170.100006,10713977,2.5,159.689001,4.104996
2017-12-05,169.75,171.600006,165.449997,170.0,170.0,10343172,-0.100006,160.252,3.170001
2017-12-06,168.800003,170.149994,165.100006,165.949997,165.949997,7672622,-4.050003,160.719,5.750005
2017-12-07,167.899994,169.0,166.350006,167.949997,167.949997,6881470,2.0,161.225,2.735004
2017-12-08,168.649994,169.949997,167.050003,167.449997,167.449997,8613753,-0.5,161.804,2.295003
2017-12-11,168.600006,169.25,166.899994,167.449997,167.449997,5678110,0.0,162.382,1.500003
2017-12-12,167.600006,167.699997,165.050003,165.600006,165.600006,7947508,-1.849991,162.942,2.684995
2017-12-13,165.100006,166.5,163.050003,163.75,163.75,8908042,-1.850006,163.471,3.745001
2017-12-14,164.800003,166.800003,162.5,165.850006,165.850006,8241166,2.100006,164.037,1.319995
2017-12-15,168.0,169.149994,164.75,165.25,165.25,8813162,-0.600006,164.55,1.685001
2017-12-18,164.0,171.949997,155.0,169.399994,169.399994,17913408,4.149994,165.102,2.534995
2017-12-19,171.350006,172.949997,167.300003,168.300003,168.300003,11037991,-1.099991,165.637,1.605003
2017-12-20,167.899994,168.300003,166.399994,166.649994,166.649994,4628882,-1.650009,166.137,0.115005
2017-12-21,166.649994,168.899994,165.800003,167.899994,167.899994,8281308,1.25,166.723,1.139995
2017-12-22,168.75,171.199997,166.949997,168.0,168.0,10856345,0.100006,167.312,1.185001
2017-12-26,167.399994,168.0,165.899994,166.5,166.5,6518312,-1.5,167.850999,0.22
2017-12-27,166.399994,169.5,165.399994,166.0,166.0,8088029,-0.5,168.407,0.759999
2017-12-28,166.25,167.949997,162.300003,162.75,162.75,12277703,-3.25,168.879,3.909999
2017-12-29,163.600006,164.0,160.149994,160.649994,160.649994,8684173,-2.100006,169.358,5.490004
2018-01-01,161.0,163.899994,160.850006,161.5,161.5,7408273,0.850006,169.89,4.264998
2018-01-02,161.899994,162.5,156.5,157.949997,157.949997,11611821,-3.550003,170.291,6.670001
2018-01-03,158.649994,159.600006,157.050003,157.850006,157.850006,8271671,-0.099991,170.585,5.724993
2018-01-04,158.5,165.300003,157.5,163.899994,163.899994,17214456,6.049988,170.1,0.599995
2018-01-05,165.149994,166.5,161.25,161.800003,161.800003,11233822,-2.099991,169.622,0.889996
2018-01-08,162.100006,164.050003,160.800003,161.649994,161.649994,6316362,-0.150009,169.367,0.405005
2018-01-09,161.75,165.399994,161.600006,164.5,164.5,10305337,2.850006,169.164,2.645001
2018-01-10,164.25,165.800003,161.050003,162.5,162.5,10993630,-2.0,169.016,0.995001
2018-01-11,162.5,163.899994,161.600006,163.300003,163.300003,6879190,0.800003,168.833,1.740004
2018-01-12,163.75,164.199997,160.350006,163.0,163.0,8826985,-0.300003,168.702,1.205
2018-01-15,163.5,165.0,162.800003,164.399994,164.399994,7054678,1.399994,168.555,2.314995
2018-01-16,164.600006,166.600006,156.199997,156.949997,156.949997,15621689,-7.449997,168.242,5.035002
2018-01-17,156.949997,165.800003,154.550003,165.199997,165.199997,17556659,8.25,168.241,2.479999
2018-01-18,169.0,171.0,160.699997,162.350006,162.350006,16765567,-2.849991,168.242,0.214993
2018-01-19,162.0,166.649994,161.449997,165.399994,165.399994,8533716,3.049988,168.239,2.474995
2018-01-22,166.0,167.649994,163.199997,164.800003,164.800003,8918325,-0.599991,168.139,1.560004
2018-01-23,164.949997,174.0,164.5,173.149994,173.149994,18168528,8.349991,168.16,9.044995
2018-01-24,173.149994,179.699997,170.350006,178.350006,178.350006,21139975,5.200012,168.24,12.660007
2018-01-25,178.800003,178.800003,166.449997,167.149994,167.149994,24579032,-11.200012,168.079,1.074995
2018-01-29,168.300003,168.899994,161.300003,162.350006,162.350006,12013160,-4.799988,167.67,3.659993
2018-01-30,162.0,164.199997,159.800003,160.199997,160.199997,11158191,-2.150009,167.203,5.390002
2018-01-31,159.199997,161.800003,155.5,156.800003,156.800003,13420760,-3.399994,166.65,8.774997
2018-02-01,158.050003,158.600006,151.75,152.350006,152.350006,12039264,-4.449997,166.09,11.939995
2018-02-02,150.199997,156.699997,148.199997,153.199997,153.199997,24420057,0.849991,165.541,10.175003
2018-02-05,150.600006,158.550003,149.0,157.5,157.5,13827865,4.300003,165.129,5.085001
2018-02-06,150.0,156.0,148.0,154.449997,154.449997,11335878,-3.050003,164.680999,7.100003
2018-02-07,156.0,156.800003,152.699997,153.949997,153.949997,9997661,-0.5,164.252,5.680003
2018-02-08,154.0,157.350006,153.5,156.199997,156.199997,6839457,2.25,163.930999,1.215002
2018-02-09,153.25,158.350006,152.5,156.25,156.25,6223913,0.050003,163.623,0.075
2018-02-12,159.0,172.899994,159.0,168.649994,168.649994,48926198,12.399994,163.613999,11.694995
2018-02-14,167.0,172.0,163.800003,165.800003,165.800003,28561359,-2.849991,163.577999,8.285004
2018-02-15,163.899994,167.199997,157.100006,159.050003,159.050003,17565094,-6.75,163.356999,1.310004
2018-02-16,159.399994,160.399994,150.600006,152.399994,152.399994,22647050,-6.650009,163.004999,5.345004
2018-02-19,150.0,152.850006,138.199997,143.850006,143.850006,37226788,-8.549988,162.562999,12.959993
2018-02-20,140.5,148.300003,140.300003,144.800003,144.800003,26441686,0.949997,162.099999,10.739996
2018-02-21,146.75,147.199997,142.300003,145.899994,145.899994,13511046,1.099991,161.668999,8.785005
2018-02-22,144.050003,146.600006,142.300003,143.399994,143.399994,16126505,-2.5,161.187999,10.230005
2018-02-23,145.699997,148.199997,144.699997,145.550003,145.550003,14280404,2.150009,160.786999,7.014996
2018-02-26,148.0,148.300003,143.199997,143.75,143.75,12120874,-1.800003,160.386999,7.564999
2018-02-27,143.399994,144.0,138.199997,141.449997,141.449997,18251152,-2.300003,159.898999,7.145003
2018-02-28,139.0,143.5,138.0,141.949997,141.949997,15443300,0.5,159.432999,4.260002
2018-03-01,141.800003,143.600006,137.800003,138.300003,138.300003,13912882,-3.649994,158.810999,5.834996
2018-03-05,137.0,139.800003,136.25,138.800003,138.800003,10501381,0.5,158.220999,3.974997
2018-03-06,140.899994,141.350006,134.149994,135.25,135.25,10841359,-3.550003,157.592999,6.664999
2018-03-07,133.100006,135.350006,128.550003,132.600006,132.600006,17616076,-2.649994,156.887,8.094994
2018-03-08,134.5,135.0,129.899994,134.350006,134.350006,13361413,1.75,156.214,5.189995
2018-03-09,135.600006,135.850006,130.800003,131.550003,131.550003,10445844,-2.800003,155.515,6.804999
2018-03-12,132.0,133.350006,128.100006,132.100006,132.100006,13816607,0.550003,154.837,4.909996
2018-03-13,132.149994,144.300003,131.050003,141.550003,141.550003,31216963,9.449997,154.413,4.760001
2018-03-14,139.149994,147.699997,137.300003,145.75,145.75,29093742,4.199997,154.115,8.529997
2018-03-15,144.350006,146.25,142.550003,143.75,143.75,13300363,-2.0,153.76,6.349997
2018-03-16,143.699997,146.949997,142.600006,143.800003,143.800003,12380055,0.050003,153.477,5.85
2018-03-19,143.899994,145.899994,130.0,133.350006,133.350006,39455304,-10.449997,152.987,4.054997
2018-03-20,132.0,136.800003,130.699997,135.850006,135.850006,27633823,2.5,152.426,1.614998
2018-03-21,137.449997,138.600006,134.550003,135.600006,135.600006,14924805,-0.25,151.902,2.164998
2018-03-22,135.25,137.0,133.5,134.949997,134.949997,16863181,-0.650009,151.368,2.875006
2018-03-23,130.899994,134.5,129.800003,133.199997,133.199997,14793481,-1.75,150.742,4.790005
2018-03-26,133.5,142.899994,133.0,141.5,141.5,21487326,8.300003,150.322,2.569998
2018-03-27,146.0,146.649994,142.0,143.699997,143.699997,16874932,2.199997,149.93,4.554996
2018-03-28,142.5,146.5,140.899994,142.300003,142.300003,20519812,-1.399994,149.516,3.500002
2018-04-02,142.600006,144.5,140.350006,141.899994,141.899994,8494352,-0.400009,149.066,3.284993
2018-04-03,144.149994,148.199997,143.649994,145.350006,145.350006,15187662,3.450012,148.834001,6.580005
2018-04-04,145.850006,146.949997,139.0,139.899994,139.899994,11729950,-5.450012,148.328,0.474994
2018-04-05,143.0,150.300003,140.800003,147.800003,147.800003,18912195,7.900009,148.037,7.180003
2018-04-06,148.149994,151.5,145.899994,150.399994,150.399994,19705149,2.599991,147.737,8.299996
2018-04-09,151.399994,155.300003,150.149994,153.300003,153.300003,18011329,2.900009,147.507,9.365004
2018-04-10,153.899994,154.550003,151.550003,153.25,153.25,14260591,-0.050003,147.109001,7.310001
2018-04-11,152.75,153.0,149.199997,150.600006,150.600006,8762706,-2.649994,146.554001,3.750006
2018-04-12,150.199997,152.850006,148.199997,148.850006,148.850006,11018571,-1.75,146.188001,1.485005
2018-04-13,149.0,152.75,149.0,150.449997,150.449997,11219297,1.599991,145.950001,2.269997
2018-04-16,149.0,151.100006,147.600006,149.850006,149.850006,8254895,-0.599991,145.743001,0.875004
2018-04-17,150.0,151.75,147.399994,147.850006,147.850006,9233324,-2.0,145.564001,1.374996
2018-04-18,148.5,149.149994,140.850006,141.649994,141.649994,17171761,-6.200012,145.350001,7.750008
2018-04-19,142.5,146.350006,140.600006,145.350006,145.350006,12771517,3.700012,145.193001,3.804996
2018-04-20,144.800003,145.0,140.949997,143.600006,143.600006,10752076,-1.75,144.915001,4.874997
2018-04-23,143.949997,145.800003,141.5,144.149994,144.149994,7841803,0.549988,144.709001,3.410008
2018-04-24,143.5,144.550003,141.399994,141.850006,141.850006,4991672,-2.299988,144.467001,4.569997
2018-04-25,140.449997,141.600006,135.600006,136.350006,136.350006,10722775,-5.5,144.070001,8.644997
2018-04-26,136.350006,138.199997,135.25,137.350006,137.350006,8328731,1.0,143.692001,6.494997
2018-04-27,138.0,145.300003,137.0,143.199997,143.199997,13900165,5.849991,143.183001,0.079994
2018-04-30,144.949997,149.850006,143.050003,148.949997,148.949997,13735085,5.75,142.846001,5.919995
2018-05-02,147.5,149.0,143.199997,144.300003,144.300003,8232020,-4.649994,142.551001,1.625001
2018-05-03,144.550003,144.850006,140.5,143.050003,143.050003,8591667,-1.25,142.364001,0.235001
2018-05-04,142.350006,146.399994,139.100006,139.899994,139.899994,11845370,-3.150009,142.285001,2.370007
2018-05-07,141.699997,144.649994,141.100006,143.550003,143.550003,8843289,3.650009,142.260001,1.285002
2018-05-08,144.100006,149.449997,141.550003,145.600006,145.600006,15834407,2.050003,142.254001,3.190004
2018-05-09,145.050003,145.699997,142.300003,144.300003,144.300003,9808289,-1.300003,142.272002,1.645001
2018-05-10,145.649994,145.649994,138.0,138.649994,138.649994,10669964,-5.650009,142.134001,4.235007
2018-05-11,139.550003,143.649994,137.100006,142.699997,142.699997,11673210,4.050003,142.113001,0.720003
2018-05-14,141.850006,144.649994,141.100006,142.699997,142.699997,6675636,0.0,142.138001,0.670003
2018-05-15,142.5,144.199997,138.899994,139.649994,139.649994,9060878,-3.050003,142.092001,2.790005
2018-05-16,138.300003,138.949997,131.5,132.050003,132.050003,18022426,-7.599991,141.967001,9.164996
2018-05-17,132.0,133.100006,129.199997,130.0,130.0,15616895,-2.050003,141.791001,9.909999
2018-05-18,130.800003,130.800003,125.25,126.699997,126.699997,12109019,-3.300003,141.620001,11.890002
2018-05-21,127.949997,131.800003,126.150002,129.899994,129.899994,11517584,3.199997,141.566001,7.325004
2018-05-22,129.649994,134.75,126.650002,132.899994,132.899994,14601997,3.0,141.537001,3.055003
2018-05-23,131.699997,140.899994,131.399994,136.600006,136.600006,23713478,3.700012,141.638001,1.415008
2018-05-24,137.75,140.649994,135.050003,138.850006,138.850006,13046640,2.25,141.773001,3.645007
2018-05-25,139.0,144.199997,139.0,141.300003,141.300003,12300751,2.449997,141.768001,6.235004
2018-05-28,142.5,148.5,140.350006,145.399994,145.399994,24833790,4.099991,141.761001,10.064995
2018-05-29,144.0,145.449997,139.550003,140.399994,140.399994,12773006,-5.0,141.694001,4.989995
2018-05-30,138.899994,142.0,137.550003,138.449997,138.449997,17044430,-1.949997,141.587,2.399999
2018-05-31,139.100006,139.850006,135.800003,136.850006,136.850006,13116608,-1.599991,141.657,0.115007
2018-06-01,137.649994,138.5,134.75,136.949997,136.949997,11437804,0.099991,141.679,0.810002
2018-06-04,137.5,137.899994,131.0,131.550003,131.550003,22267362,-5.399994,141.598,6.374997
2018-06-05,131.899994,132.850006,126.449997,127.75,127.75,21462369,-3.800003,141.454,9.660001
2018-06-06,127.0,131.100006,126.300003,130.25,130.25,25559290,2.5,141.395,6.525
2018-06-07,131.25,133.649994,129.600006,131.399994,131.399994,17885218,1.149994,141.193,4.630005
2018-06-08,130.600006,133.199997,129.75,132.25,132.25,17691484,0.850006,140.964,2.874998
2018-06-11,133.149994,136.0,132.149994,133.699997,133.699997,13389907,1.449997,140.792,0.255002
2018-06-12,134.0,134.649994,132.350006,133.350006,133.350006,16578037,-0.349991,140.621,0.100006
2018-06-13,133.949997,138.25,133.75,136.75,136.75,16382863,3.399994,140.449,3.67
2018-06-14,137.149994,137.149994,134.649994,135.149994,135.149994,12368015,-1.600006,140.354,2.239995
2018-06-15,134.850006,136.149994,130.350006,131.300003,131.300003,11776063,-3.849991,140.024,1.044997
2018-06-18,131.0,131.300003,129.199997,130.399994,130.399994,9736608,-0.900009,139.624,1.830005
2018-06-19,129.899994,131.75,127.25,127.849998,127.849998,12733048,-2.549996,139.115,4.390001
2018-06-20,127.5,128.399994,124.699997,125.099998,125.099998,22227705,-2.75,138.552,6.625
2018-06-21,125.699997,125.900002,121.5,122.0,122.0,16021753,-3.099998,137.98,8.784999
2018-06-22,122.099998,122.800003,120.449997,121.5,121.5,17477101,-0.5,137.433,8.209999
2018-06-25,121.449997,122.0,116.5,116.800003,116.800003,11480804,-4.699997,136.76,11.219997
2018-06-26,116.5,119.099998,115.0,118.050003,118.050003,18511633,1.25,136.124,8.439996
2018-06-27,118.050003,118.050003,113.599998,115.150002,115.150002,15058571,-2.900001,135.47,9.179998
2018-06-28,114.25,116.300003,112.449997,113.0,113.0,11274714,-2.150002,134.897,9.115
2018-06-29,114.0,115.150002,112.150002,112.650002,112.650002,14274242,-0.349998,134.243,7.599998
2018-07-02,113.400002,115.449997,109.5,113.650002,113.650002,19814242,1.0,133.644,4.924999
2018-07-03,113.599998,114.650002,111.800003,113.0,113.0,12691360,-0.650002,133.021,4.090001
2018-07-04,113.0,113.800003,112.25,113.099998,113.099998,8861062,0.099998,132.446,2.790003
2018-07-05,113.699997,114.5,112.550003,113.25,113.25,9467902,0.150002,131.984,1.765001
2018-07-06,113.5,116.75,113.099998,115.550003,115.550003,13020139,2.300003,131.548,1.130002
2018-07-09,117.0,117.699997,115.199997,117.0,117.0,9043165,1.449997,131.024,2.559999
2018-07-10,117.800003,121.099998,116.650002,119.5,119.5,11116786,2.5,130.435,4.914999
2018-07-11,119.0,119.199997,115.5,116.199997,116.199997,10310176,-3.300003,129.873,1.509997
2018-07-12,117.199997,120.150002,117.199997,119.449997,119.449997,13717600,3.25,129.400999,4.114997
2018-07-13,119.699997,119.699997,114.050003,117.400002,117.400002,13197199,-2.049995,128.951,1.590002
2018-07-16,116.75,117.300003,112.0,113.050003,113.050003,8610590,-4.349999,128.341,2.699997
2018-07-17,112.800003,121.800003,111.900002,120.800003,120.800003,13191590,7.75,127.845,4.270003
2018-07-18,121.0,122.300003,115.25,117.650002,117.650002,13308355,-3.150001,127.312,0.665001
2018-07-19,118.0,122.949997,114.699997,120.050003,120.050003,19394155,2.400001,126.94,2.385002
2018-07-20,118.599998,121.650002,117.699997,120.25,120.25,10768295,0.199997,126.491,2.114999
2018-07-23,120.5,127.0,119.199997,126.300003,126.300003,17651707,6.050003,126.163,7.235002
2018-07-24,125.050003,134.5,125.050003,132.550003,132.550003,23818086,6.25,126.021,12.180002
2018-07-25,132.550003,134.899994,130.5,131.800003,131.800003,14846115,-0.75,126.016,9.870001
2018-07-26,133.5,140.300003,133.0,138.850006,138.850006,28428745,7.050003,126.193,14.980003
2018-07-27,138.899994,140.899994,135.399994,137.850006,137.850006,27335018,-1.0,126.416,11.935003
2018-07-30,149.0,153.300003,144.649994,152.050003,152.050003,69716569,14.199997,126.859001,22.235
2018-07-31,152.149994,155.699997,148.300003,153.350006,153.350006,30975324,1.300003,127.268001,20.280002
2018-08-01,151.399994,153.649994,147.699997,150.199997,150.199997,24904453,-3.150009,127.540001,13.874994
2018-08-02,147.949997,149.800003,146.199997,147.25,147.25,14029282,-2.949997,127.708001,8.204997
2018-08-03,147.25,150.850006,147.050003,149.600006,149.600006,13329914,2.350006,127.874001,7.620003
2018-08-06,150.0,152.149994,149.399994,150.550003,150.550003,13628825,0.949997,127.977001,6.145
2018-08-07,151.0,151.25,144.800003,146.149994,146.149994,14426507,-4.400009,128.092001,0.384992
2018-08-08,146.300003,149.800003,146.0,148.600006,148.600006,10390322,2.450012,128.295001,1.155003
2018-08-09,150.5,157.5,148.850006,154.75,154.75,26562716,6.149994,128.653001,5.714998
2018-08-10,153.75,155.5,147.600006,148.300003,148.300003,17027336,-6.449997,128.880001,1.779999
2018-08-13,146.0,149.399994,144.399994,145.649994,145.649994,16135497,-2.650009,129.162001,3.790007
2018-08-14,147.0,148.649994,145.550003,146.300003,146.300003,9480376,0.650009,129.533001,2.434998
2018-08-16,145.5,147.600006,141.449997,142.699997,142.699997,13666075,-3.600006,129.782001,5.285004
2018-08-17,143.850006,147.75,142.949997,146.199997,146.199997,12400330,3.5,130.078001,1.680003
2018-08-20,147.0,151.5,146.25,151.0,151.0,10467382,4.800003,130.453001,2.98
2018-08-21,153.399994,155.0,150.199997,150.899994,150.899994,16772616,-0.100006,130.797001,2.844995
2018-08-23,151.399994,151.75,148.5,149.850006,149.850006,9846020,-1.049988,131.127001,1.425006
2018-08-24,148.449997,151.699997,146.649994,147.399994,147.399994,9847399,-2.450012,131.340001,0.905005
2018-08-27,149.0,152.600006,148.5,150.050003,150.050003,11140288,2.650009,131.638001,2.215004
2018-08-28,151.300003,151.300003,142.649994,143.850006,143.850006,14983300,-6.199997,131.889001,3.539993
2018-08-29,144.5,149.649994,143.25,147.699997,147.699997,19655498,3.849991,132.235001,0.104997
2018-08-30,147.399994,151.199997,145.649994,150.149994,150.149994,15041815,2.449997,132.681001,2.169995
2018-08-31,149.050003,153.449997,147.199997,152.949997,152.949997,19943774,2.800003,133.238001,3.944998
2018-09-03,153.949997,156.5,150.899994,151.699997,151.699997,16081701,-1.25,133.832001,2.144998
2018-09-04,151.300003,152.300003,144.5,145.550003,145.550003,13746105,-6.149994,134.313001,3.459996
2018-09-05,145.399994,146.550003,140.5,144.550003,144.550003,12672028,-1.0,134.868001,3.824997
2018-09-06,145.899994,147.100006,144.149994,146.100006,146.100006,10475666,1.550003,135.429001,1.899994
2018-09-07,146.649994,148.5,144.699997,148.050003,148.050003,10950716,1.949997,136.087001,0.014998
2018-09-10,146.949997,150.0,145.449997,146.600006,146.600006,12612864,-1.449997,136.759001,1.119995
2018-09-11,148.0,149.350006,139.350006,140.5,140.5,17009872,-6.100006,137.316001,6.885001
2018-09-12,140.5,140.75,132.649994,133.550003,133.550003,34431935,-6.949997,137.714001,12.419998
2018-09-14,135.75,136.649994,134.0,134.399994,134.399994,21913127,0.849991,138.142001,9.995007
2018-09-17,133.050003,135.850006,131.0,135.25,135.25,18967228,0.850006,138.585001,7.375001
2018-09-18,121.75,126.449997,111.849998,113.099998,113.099998,144891921,-22.150002,138.582001,25.665004
2018-09-19,112.0,119.0,110.150002,116.349998,116.349998,117771556,3.25,138.598001,19.495003
2018-09-21,117.5,119.400002,105.849998,111.449997,111.449997,46559986,-4.900001,138.487001,21.085003
2018-09-24,112.5,113.0,106.900002,107.699997,107.699997,30112522,-3.75,138.251001,20.995003
2018-09-25,107.699997,110.449997,104.550003,109.449997,109.449997,39581226,1.75,138.116001,15.385002
2018-09-26,110.949997,111.25,107.400002,109.150002,109.150002,25692758,-0.299995,137.910001,11.939997
2018-09-27,108.5,109.699997,103.800003,104.349998,104.349998,18303251,-4.800004,137.649001,13.125
2018-09-28,105.150002,106.800003,97.349998,99.5,99.5,33044144,-4.849998,137.378001,14.569998
2018-10-01,99.400002,105.25,95.400002,104.400002,104.400002,29563711,4.900002,137.050001,6.669997
2018-10-03,102.199997,107.650002,101.800003,103.300003,103.300003,30440427,-1.099999,136.763001,4.574996
2018-10-04,101.5,105.349998,100.349998,103.349998,103.349998,22401811,0.049995,136.429001,3.550001
2018-10-05,102.900002,104.199997,97.550003,99.099998,99.099998,38298074,-4.25,136.006,6.075001
2018-10-08,100.0,100.5,95.300003,97.5,97.5,28957630,-1.599998,135.43,6.279999
2018-10-09,98.900002,99.099998,92.650002,93.25,93.25,24069650,-4.25,134.644,9.085
2018-10-10,93.75,96.800003,92.800003,95.599998,95.599998,37419473,2.349998,133.92,5.350002
2018-10-11,91.949997,95.300003,91.0,93.949997,93.949997,22648997,-1.650001,133.022,5.480002
2018-10-12,96.900002,97.75,94.800003,96.5,96.5,23768732,2.550003,132.195,2.145
2018-10-15,96.050003,98.050003,95.400002,97.349998,97.349998,14955267,0.849998,131.101,1.080001
2018-10-16,97.550003,101.199997,97.400002,100.25,100.25,21139482,2.900002,130.039,2.235001
2018-10-17,102.449997,102.650002,98.75,99.599998,99.599998,22282115,-0.650002,129.027,1.954999
2018-10-19,98.900002,103.199997,97.5,102.400002,102.400002,25230698,2.800004,128.13,4.850003
2018-10-22,103.650002,105.400002,101.449997,102.599998,102.599998,18193081,0.199996,127.19,4.699999
2018-10-23,101.400002,103.650002,100.949997,101.699997,101.699997,11600993,-0.900001,126.213,3.379998
2018-10-24,102.699997,103.449997,100.949997,102.650002,102.650002,11710626,0.950005,125.343,3.390003
2018-10-25,101.0,102.800003,97.900002,98.449997,98.449997,17653402,-4.200005,124.339999,1.095002
2018-10-26,99.300003,101.599998,97.849998,98.849998,98.849998,19408496,0.400001,123.221999,1.185001
2018-10-29,99.099998,107.699997,98.199997,107.099998,107.099998,25921189,8.25,122.397999,6.004999
2018-10-30,107.699997,113.699997,105.849998,110.0,110.0,51240583,2.900002,121.684999,7.640001
2018-10-31,114.699997,114.75,109.849998,110.650002,110.650002,50580445,0.650002,120.971999,7.250003
